GPU,Application,Timestamp,GPU1 memory usage (MB),GPU1 core clock (MHz),GPU1 memory clock (MHz),GPU1 power (W),GPU1 temp limit,GPU1 power limit,GPU1 voltage limit,GPU1 no load limit,CPU temperature (°C),CPU usage (%),CPU clock (MHz),CPU power (W),RAM usage (MB),Commit charge (MB),Framerate (FPS),Frametime (ms),Framerate Min (FPS),Framerate Avg (FPS),Framerate Max (FPS),Framerate 1% Low (FPS),Framerate 0.1% Low (FPS),GPU1 temperature (°C),GPU1 usage (%)
NVIDIA GeForce GTX 1650,Wuthering Waves,03-01-2026 17:43:56,3744.824,1785.000,6120.984,39.247,0.000,0.000,0.000,1.000,96.000,73.031,4000.000,39.291,15358.000,20957.000,45.500,0.000,35.600,49.100,55.800,25.200,13.800,83.000,74.000
NVIDIA GeForce GTX 1650,Wuthering Waves,03-01-2026 17:43:56,3744.824,1725.000,6120.984,43.257,0.000,1.000,0.000,0.000,97.000,73.031,4000.000,39.291,15358.000,20956.000,45.700,0.000,35.600,49.100,55.800,25.200,13.800,84.000,74.000
NVIDIA GeForce GTX 1650,Wuthering Waves,03-01-2026 17:43:57,3744.824,1785.000,6120.984,43.897,0.000,1.000,0.000,0.000,95.000,69.232,3600.000,39.774,15366.000,20961.000,46.800,88.843,35.600,49.100,55.800,25.200,13.800,84.000,63.000
NVIDIA GeForce GTX 1650,Wuthering Waves,03-01-2026 17:43:58,3744.824,1785.000,6120.984,44.239,0.000,0.000,0.000,1.000,96.000,59.280,4100.000,39.683,15387.000,20980.000,52.700,26.022,35.600,49.100,55.800,25.200,13.800,84.000,80.000
NVIDIA GeForce GTX 1650,Wuthering Waves,03-01-2026 17:43:59,3744.824,1785.000,6120.984,47.833,0.000,0.000,0.000,1.000,95.000,63.789,3900.000,40.365,15385.000,20974.000,46.400,32.601,35.600,49.100,55.800,25.200,13.800,84.000,75.000
NVIDIA GeForce GTX 1650,Wuthering Waves,03-01-2026 17:44:00,3748.262,1785.000,6120.984,46.417,0.000,0.000,0.000,1.000,95.000,59.394,4000.000,40.462,15421.000,20967.000,48.200,35.116,35.600,49.100,55.800,25.200,13.800,84.000,73.000
NVIDIA GeForce GTX 1650,Wuthering Waves,03-01-2026 17:44:01,3748.262,1785.000,6120.984,45.875,0.000,0.000,0.000,1.000,96.000,59.475,4100.000,40.957,15417.000,20977.000,53.100,23.860,35.600,49.100,55.800,25.200,13.800,84.000,76.000
NVIDIA GeForce GTX 1650,Wuthering Waves,03-01-2026 17:44:02,3748.262,1740.000,6120.984,47.003,0.000,1.000,0.000,0.000,97.000,62.006,4100.000,39.954,15414.000,20969.000,53.900,26.627,35.600,49.100,55.800,25.200,13.800,84.000,81.000
NVIDIA GeForce GTX 1650,Wuthering Waves,03-01-2026 17:44:03,3748.262,1785.000,6120.984,44.398,0.000,1.000,0.000,0.000,96.000,61.575,4000.000,40.055,15405.000,20962.000,52.900,24.383,35.600,49.100,55.800,25.200,13.800,84.000,82.000
NVIDIA GeForce GTX 1650,Wuthering Waves,03-01-2026 17:44:04,3751.871,1785.000,6120.984,48.247,0.000,0.000,0.000,1.000,96.000,45.877,3700.000,39.600,15413.000,20997.000,58.200,32.155,35.600,49.100,55.800,25.200,13.800,84.000,81.000
NVIDIA GeForce GTX 1650,Wuthering Waves,03-01-2026 17:44:05,3751.871,1785.000,6120.984,46.529,0.000,1.000,0.000,0.000,94.000,38.799,4200.000,40.063,15406.000,20984.000,60.100,20.971,35.600,49.100,55.800,25.200,13.800,84.000,86.000
NVIDIA GeForce GTX 1650,Wuthering Waves,03-01-2026 17:44:06,3751.871,1785.000,6120.984,47.159,0.000,0.000,0.000,1.000,96.000,54.368,4100.000,40.369,15387.000,20987.000,59.500,21.256,35.600,49.100,55.800,25.200,13.800,84.000,85.000
NVIDIA GeForce GTX 1650,Wuthering Waves,03-01-2026 17:44:07,3751.871,1770.000,6120.984,47.574,0.000,1.000,0.000,0.000,96.000,49.115,3600.000,39.724,15389.000,20985.000,59.100,24.850,35.600,49.100,55.800,25.200,13.800,84.000,82.000
NVIDIA GeForce GTX 1650,Wuthering Waves,03-01-2026 17:44:08,3751.871,1740.000,6120.984,47.029,0.000,1.000,0.000,0.000,95.000,42.034,4200.000,39.498,15396.000,20986.000,59.900,25.822,35.600,49.100,55.800,25.200,13.800,84.000,86.000
NVIDIA GeForce GTX 1650,Wuthering Waves,03-01-2026 17:44:09,3751.871,1785.000,6120.984,45.601,0.000,0.000,0.000,1.000,94.000,42.094,4100.000,40.076,15394.000,20977.000,59.900,27.240,35.600,49.100,55.800,25.200,13.800,84.000,85.000
NVIDIA GeForce GTX 1650,Wuthering Waves,03-01-2026 17:44:10,3767.895,1785.000,6120.984,41.596,0.000,0.000,0.000,1.000,96.000,59.753,4000.000,39.318,15461.000,20986.000,47.700,40.668,35.600,49.100,55.800,25.200,13.800,84.000,82.000
NVIDIA GeForce GTX 1650,Wuthering Waves,03-01-2026 17:44:11,3766.191,1785.000,6120.984,41.321,0.000,0.000,0.000,1.000,95.000,64.185,4100.000,40.314,15517.000,21057.000,44.400,38.270,35.600,49.100,55.800,25.200,13.800,84.000,76.000
NVIDIA GeForce GTX 1650,Wuthering Waves,03-01-2026 17:44:12,3774.738,1785.000,6120.984,41.467,0.000,0.000,0.000,1.000,94.000,69.743,3800.000,38.638,15523.000,21056.000,38.000,34.133,35.600,49.100,55.800,25.200,13.800,83.000,69.000
NVIDIA GeForce GTX 1650,Wuthering Waves,03-01-2026 17:44:13,3772.488,1785.000,6120.984,42.894,0.000,0.000,0.000,1.000,95.000,68.002,3900.000,39.029,15553.000,21075.000,41.600,48.094,35.600,49.100,55.800,25.200,13.800,84.000,68.000
NVIDIA GeForce GTX 1650,Wuthering Waves,03-01-2026 17:44:14,3775.262,1785.000,6120.984,45.502,0.000,0.000,0.000,1.000,94.000,62.242,4000.000,40.545,15552.000,21076.000,46.900,26.877,35.600,49.100,55.800,25.200,13.800,84.000,77.000
NVIDIA GeForce GTX 1650,Wuthering Waves,03-01-2026 17:44:15,3755.637,1785.000,6120.984,42.628,0.000,0.000,0.000,1.000,95.000,66.234,4000.000,40.030,15562.000,21098.000,48.200,0.000,35.600,49.100,55.800,25.200,13.800,83.000,83.000
NVIDIA GeForce GTX 1650,Wuthering Waves,03-01-2026 17:44:16,3765.574,1785.000,6120.984,48.296,0.000,0.000,0.000,1.000,92.000,65.197,3900.000,39.441,15561.000,21097.000,0.000,0.000,35.600,49.100,55.800,25.200,13.800,83.000,66.000
NVIDIA GeForce GTX 1650,Wuthering Waves,03-01-2026 17:44:17,3753.637,1785.000,6120.984,41.790,0.000,0.000,0.000,1.000,95.000,75.037,3900.000,37.678,15560.000,21087.000,0.000,0.000,35.600,49.100,55.800,25.200,13.800,83.000,80.000
NVIDIA GeForce GTX 1650,Wuthering Waves,03-01-2026 17:44:18,3753.637,1740.000,6120.984,49.147,0.000,1.000,0.000,0.000,95.000,61.392,3900.000,39.429,15543.000,21084.000,0.000,0.000,35.600,49.100,55.800,25.200,13.800,84.000,74.000
NVIDIA GeForce GTX 1650,Wuthering Waves,03-01-2026 17:44:19,3753.637,1785.000,6120.984,48.928,0.000,0.000,0.000,1.000,96.000,61.869,4100.000,40.284,15561.000,21094.000,0.000,0.000,35.600,49.100,55.800,25.200,13.800,84.000,86.000
NVIDIA GeForce GTX 1650,Wuthering Waves,03-01-2026 17:44:20,3753.637,1785.000,6120.984,47.696,0.000,1.000,0.000,0.000,94.000,62.685,4000.000,39.963,15551.000,21083.000,0.000,0.000,35.600,49.100,55.800,25.200,13.800,84.000,86.000
NVIDIA GeForce GTX 1650,Wuthering Waves,03-01-2026 17:44:21,3753.637,1785.000,6120.984,48.271,0.000,0.000,0.000,1.000,95.000,61.079,4100.000,39.301,15552.000,21076.000,0.000,0.000,35.600,49.100,55.800,25.200,13.800,84.000,85.000
NVIDIA GeForce GTX 1650,Wuthering Waves,03-01-2026 17:44:22,3753.637,1785.000,6120.984,48.582,0.000,0.000,0.000,1.000,94.000,60.940,3900.000,39.241,15538.000,21079.000,0.000,0.000,35.600,49.100,55.800,25.200,13.800,84.000,87.000
NVIDIA GeForce GTX 1650,Wuthering Waves,03-01-2026 17:44:23,3753.637,1785.000,6120.984,48.557,0.000,0.000,0.000,1.000,95.000,65.923,4000.000,38.679,15545.000,21089.000,0.000,0.000,35.600,49.100,55.800,25.200,13.800,84.000,85.000
NVIDIA GeForce GTX 1650,Wuthering Waves,03-01-2026 17:44:24,3753.637,1785.000,6120.984,46.542,0.000,0.000,0.000,1.000,95.000,63.306,3800.000,39.691,15529.000,21072.000,0.000,0.000,35.600,49.100,55.800,25.200,13.800,84.000,84.000
NVIDIA GeForce GTX 1650,Wuthering Waves,03-01-2026 17:44:25,3763.574,1785.000,6120.984,49.437,0.000,0.000,0.000,1.000,97.000,61.449,3900.000,39.304,15513.000,21061.000,0.000,0.000,35.600,49.100,55.800,25.200,13.800,84.000,88.000
NVIDIA GeForce GTX 1650,Wuthering Waves,03-01-2026 17:44:26,3753.637,1785.000,6120.984,49.256,0.000,1.000,0.000,0.000,96.000,62.452,4000.000,40.103,15507.000,21061.000,0.000,0.000,35.600,49.100,55.800,25.200,13.800,84.000,85.000
NVIDIA GeForce GTX 1650,Wuthering Waves,03-01-2026 17:44:27,3753.637,1770.000,6120.984,48.805,0.000,1.000,0.000,0.000,94.000,62.274,4000.000,39.274,15497.000,21055.000,0.000,0.000,35.600,49.100,55.800,25.200,13.800,84.000,84.000
NVIDIA GeForce GTX 1650,Wuthering Waves,03-01-2026 17:44:28,3753.637,1785.000,6120.984,46.678,0.000,0.000,0.000,1.000,95.000,74.026,3900.000,40.158,15518.000,21079.000,0.000,0.000,35.600,49.100,55.800,25.200,13.800,84.000,78.000
NVIDIA GeForce GTX 1650,Wuthering Waves,03-01-2026 17:44:29,3753.637,1785.000,6120.984,36.655,0.000,0.000,0.000,1.000,96.000,77.258,4000.000,40.140,15367.000,20926.000,0.000,0.000,35.600,49.100,55.800,25.200,13.800,83.000,76.000
NVIDIA GeForce GTX 1650,Wuthering Waves,03-01-2026 17:44:30,3753.637,1785.000,6120.984,38.437,0.000,0.000,0.000,1.000,94.000,95.176,3800.000,43.124,15417.000,20973.000,0.000,0.000,35.600,49.100,55.800,25.200,13.800,83.000,47.000
NVIDIA GeForce GTX 1650,Wuthering Waves,03-01-2026 17:44:31,3753.637,1785.000,6120.984,40.297,0.000,0.000,0.000,1.000,95.000,89.605,3700.000,40.654,15436.000,20999.000,0.000,0.000,35.600,49.100,55.800,25.200,13.800,83.000,53.000
NVIDIA GeForce GTX 1650,Wuthering Waves,03-01-2026 17:44:32,3763.574,1785.000,6120.984,36.110,0.000,0.000,0.000,1.000,95.000,78.659,3600.000,39.108,15474.000,21043.000,0.000,0.000,35.600,49.100,55.800,25.200,13.800,83.000,65.000
NVIDIA GeForce GTX 1650,Wuthering Waves,03-01-2026 17:44:33,3753.637,1785.000,6120.984,37.605,0.000,0.000,0.000,1.000,96.000,92.378,3700.000,43.037,15572.000,21147.000,0.000,0.000,35.600,49.100,55.800,25.200,13.800,82.000,59.000
NVIDIA GeForce GTX 1650,Wuthering Waves,03-01-2026 17:44:34,3739.887,1785.000,6120.984,41.987,0.000,0.000,0.000,1.000,94.000,85.096,3800.000,40.826,15566.000,21145.000,0.000,0.000,35.600,49.100,55.800,25.200,13.800,83.000,46.000
NVIDIA GeForce GTX 1650,Wuthering Waves,03-01-2026 17:44:35,3739.887,1785.000,6120.984,36.140,0.000,0.000,0.000,1.000,93.000,78.991,3700.000,40.155,15505.000,21131.000,0.000,0.000,35.600,49.100,55.800,25.200,13.800,83.000,61.000
NVIDIA GeForce GTX 1650,Wuthering Waves,03-01-2026 17:44:36,3739.887,1785.000,6120.984,39.764,0.000,0.000,0.000,1.000,94.000,79.358,3600.000,39.698,15500.000,21091.000,0.000,0.000,35.600,49.100,55.800,25.200,13.800,83.000,55.000
NVIDIA GeForce GTX 1650,Wuthering Waves,03-01-2026 17:44:37,3739.887,1785.000,6120.984,37.603,0.000,0.000,0.000,1.000,95.000,87.484,3600.000,39.987,15497.000,21090.000,0.000,0.000,35.600,49.100,55.800,25.200,13.800,82.000,53.000
NVIDIA GeForce GTX 1650,Wuthering Waves,03-01-2026 17:44:38,3739.887,1785.000,6120.984,46.309,0.000,0.000,0.000,1.000,96.000,77.981,3600.000,39.505,15474.000,21062.000,0.000,0.000,35.600,49.100,55.800,25.200,13.800,83.000,59.000
NVIDIA GeForce GTX 1650,Wuthering Waves,03-01-2026 17:44:39,3739.887,1785.000,6120.984,45.832,0.000,0.000,0.000,1.000,95.000,70.407,3700.000,39.257,15467.000,21054.000,0.000,0.000,35.600,49.100,55.800,25.200,13.800,83.000,72.000
NVIDIA GeForce GTX 1650,Wuthering Waves,03-01-2026 17:44:40,3749.824,1785.000,6120.984,39.704,0.000,0.000,0.000,1.000,95.000,79.876,3700.000,40.331,15489.000,21088.000,0.000,0.000,35.600,49.100,55.800,25.200,13.800,82.000,71.000
NVIDIA GeForce GTX 1650,Wuthering Waves,03-01-2026 17:44:41,3739.887,1770.000,6120.984,48.263,0.000,1.000,0.000,0.000,95.000,72.096,3600.000,39.222,15505.000,21112.000,0.000,0.000,35.600,49.100,55.800,25.200,13.800,83.000,63.000
NVIDIA GeForce GTX 1650,Wuthering Waves,03-01-2026 17:44:42,3739.887,1770.000,6120.984,48.494,0.000,1.000,0.000,0.000,97.000,64.974,3700.000,39.978,15516.000,21128.000,0.000,0.000,35.600,49.100,55.800,25.200,13.800,83.000,83.000
NVIDIA GeForce GTX 1650,Wuthering Waves,03-01-2026 17:44:43,3756.012,1725.000,6120.984,46.725,0.000,0.000,0.000,1.000,95.000,63.494,3900.000,39.938,15536.000,21151.000,0.000,0.000,35.600,49.100,55.800,25.200,13.800,83.000,85.000
NVIDIA GeForce GTX 1650,Wuthering Waves,03-01-2026 17:44:44,3760.137,1785.000,6120.984,44.506,0.000,0.000,0.000,1.000,96.000,63.234,4000.000,39.637,15537.000,21128.000,0.000,0.000,35.600,49.100,55.800,25.200,13.800,84.000,86.000
NVIDIA GeForce GTX 1650,Wuthering Waves,03-01-2026 17:44:45,3760.137,1785.000,6120.984,41.463,0.000,0.000,0.000,1.000,95.000,66.608,4000.000,40.954,15530.000,21115.000,0.000,0.000,35.600,49.100,55.800,25.200,13.800,83.000,84.000
NVIDIA GeForce GTX 1650,Wuthering Waves,03-01-2026 17:44:46,3760.137,1785.000,6120.984,46.150,0.000,0.000,0.000,1.000,97.000,60.558,3800.000,39.571,15536.000,21112.000,0.000,0.000,35.600,49.100,55.800,25.200,13.800,84.000,80.000
NVIDIA GeForce GTX 1650,Wuthering Waves,03-01-2026 17:44:47,3763.449,1740.000,6120.984,48.048,0.000,1.000,0.000,0.000,95.000,64.714,3800.000,39.625,15534.000,21115.000,0.000,0.000,35.600,49.100,55.800,25.200,13.800,84.000,86.000
NVIDIA GeForce GTX 1650,Wuthering Waves,03-01-2026 17:44:48,3760.137,1785.000,6120.984,41.183,0.000,1.000,0.000,0.000,95.000,74.102,3900.000,39.592,15541.000,21134.000,0.000,0.000,35.600,49.100,55.800,25.200,13.800,83.000,80.000
NVIDIA GeForce GTX 1650,Wuthering Waves,03-01-2026 17:44:49,3760.137,1770.000,6120.984,47.244,0.000,1.000,0.000,0.000,97.000,65.301,4000.000,40.432,15543.000,21136.000,0.000,0.000,35.600,49.100,55.800,25.200,13.800,84.000,71.000
NVIDIA GeForce GTX 1650,Wuthering Waves,03-01-2026 17:44:50,3760.137,1755.000,6120.984,47.482,0.000,1.000,0.000,0.000,100.000,60.399,3900.000,39.664,15534.000,21122.000,0.000,0.000,35.600,49.100,55.800,25.200,13.800,84.000,89.000
NVIDIA GeForce GTX 1650,Wuthering Waves,03-01-2026 17:44:51,3760.137,1785.000,6120.984,46.742,0.000,1.000,0.000,0.000,96.000,65.695,3800.000,39.226,15537.000,21120.000,0.000,0.000,35.600,49.100,55.800,25.200,13.800,84.000,85.000
NVIDIA GeForce GTX 1650,Wuthering Waves,03-01-2026 17:44:52,3760.137,1770.000,6120.984,48.252,0.000,1.000,0.000,0.000,96.000,62.602,4200.000,40.658,15528.000,21108.000,0.000,0.000,35.600,49.100,55.800,25.200,13.800,84.000,83.000
NVIDIA GeForce GTX 1650,Wuthering Waves,03-01-2026 17:44:53,3760.137,1785.000,6120.984,47.681,0.000,0.000,0.000,1.000,96.000,61.550,3900.000,39.882,15514.000,21089.000,0.000,0.000,35.600,49.100,55.800,25.200,13.800,84.000,86.000
NVIDIA GeForce GTX 1650,Wuthering Waves,03-01-2026 17:44:54,3760.137,1785.000,6120.984,43.200,0.000,0.000,0.000,1.000,95.000,61.093,3900.000,39.942,15521.000,21087.000,0.000,0.000,35.600,49.100,55.800,25.200,13.800,84.000,86.000
NVIDIA GeForce GTX 1650,Wuthering Waves,03-01-2026 17:44:55,3770.074,1785.000,6120.984,47.152,0.000,0.000,0.000,1.000,98.000,62.190,4000.000,39.675,15513.000,21080.000,0.000,0.000,35.600,49.100,55.800,25.200,13.800,84.000,84.000
NVIDIA GeForce GTX 1650,Wuthering Waves,03-01-2026 17:44:56,3760.137,1755.000,6120.984,48.147,0.000,1.000,0.000,0.000,96.000,69.512,3900.000,40.054,15519.000,21085.000,0.000,0.000,35.600,49.100,55.800,25.200,13.800,84.000,78.000
NVIDIA GeForce GTX 1650,Wuthering Waves,03-01-2026 17:44:57,3760.137,1725.000,6120.984,46.974,0.000,1.000,0.000,0.000,95.000,59.921,4000.000,39.583,15515.000,21081.000,0.000,0.000,35.600,49.100,55.800,25.200,13.800,84.000,83.000
NVIDIA GeForce GTX 1650,Wuthering Waves,03-01-2026 17:44:58,3760.137,1770.000,6120.984,48.064,0.000,1.000,0.000,0.000,94.000,71.376,4000.000,40.740,15515.000,21089.000,0.000,0.000,35.600,49.100,55.800,25.200,13.800,84.000,75.000
NVIDIA GeForce GTX 1650,Wuthering Waves,03-01-2026 17:44:59,3760.137,1785.000,6120.984,48.279,0.000,1.000,0.000,0.000,96.000,60.048,3900.000,39.806,15516.000,21085.000,0.000,0.000,35.600,49.100,55.800,25.200,13.800,84.000,84.000
NVIDIA GeForce GTX 1650,Wuthering Waves,03-01-2026 17:45:00,3760.137,1785.000,6120.984,47.491,0.000,0.000,0.000,1.000,96.000,61.705,3900.000,39.710,15515.000,21091.000,0.000,0.000,35.600,49.100,55.800,25.200,13.800,84.000,85.000
NVIDIA GeForce GTX 1650,Wuthering Waves,03-01-2026 17:45:01,3760.137,1785.000,6120.984,45.770,0.000,0.000,0.000,1.000,97.000,66.348,3800.000,39.796,15526.000,21099.000,0.000,0.000,35.600,49.100,55.800,25.200,13.800,84.000,84.000
NVIDIA GeForce GTX 1650,Wuthering Waves,03-01-2026 17:45:02,3760.137,1785.000,6120.984,43.904,0.000,0.000,0.000,1.000,96.000,64.406,3900.000,39.179,15523.000,21090.000,0.000,0.000,35.600,49.100,55.800,25.200,13.800,84.000,82.000
NVIDIA GeForce GTX 1650,Wuthering Waves,03-01-2026 17:45:03,3760.137,1785.000,6120.984,45.774,0.000,0.000,0.000,1.000,96.000,69.384,3900.000,40.375,15529.000,21100.000,0.000,0.000,35.600,49.100,55.800,25.200,13.800,84.000,76.000
NVIDIA GeForce GTX 1650,Wuthering Waves,03-01-2026 17:45:04,3760.137,1755.000,6120.984,46.730,0.000,1.000,0.000,0.000,98.000,67.357,3800.000,39.090,15529.000,21105.000,0.000,0.000,35.600,49.100,55.800,25.200,13.800,84.000,79.000
NVIDIA GeForce GTX 1650,Wuthering Waves,03-01-2026 17:45:05,3760.137,1785.000,6120.984,47.864,0.000,1.000,0.000,0.000,97.000,65.082,3800.000,39.367,15531.000,21104.000,0.000,0.000,35.600,49.100,55.800,25.200,13.800,84.000,81.000
NVIDIA GeForce GTX 1650,Wuthering Waves,03-01-2026 17:45:06,3760.137,1755.000,6120.984,48.051,0.000,1.000,0.000,0.000,98.000,62.508,3900.000,39.594,15533.000,21107.000,0.000,0.000,35.600,49.100,55.800,25.200,13.800,84.000,83.000
NVIDIA GeForce GTX 1650,Wuthering Waves,03-01-2026 17:45:07,3760.137,1770.000,6120.984,46.921,0.000,1.000,0.000,0.000,97.000,61.691,3900.000,39.880,15530.000,21107.000,0.000,0.000,35.600,49.100,55.800,25.200,13.800,84.000,87.000
NVIDIA GeForce GTX 1650,Wuthering Waves,03-01-2026 17:45:08,3760.137,1785.000,6120.984,49.079,0.000,1.000,0.000,0.000,99.000,63.543,3800.000,38.896,15535.000,21110.000,0.000,0.000,35.600,49.100,55.800,25.200,13.800,84.000,82.000
NVIDIA GeForce GTX 1650,Wuthering Waves,03-01-2026 17:45:09,3760.137,1755.000,6120.984,47.378,0.000,1.000,0.000,0.000,97.000,62.786,3800.000,39.975,15536.000,21108.000,0.000,0.000,35.600,49.100,55.800,25.200,13.800,84.000,85.000
NVIDIA GeForce GTX 1650,Wuthering Waves,03-01-2026 17:45:10,3770.074,1785.000,6120.984,44.286,0.000,0.000,0.000,1.000,96.000,64.850,3900.000,39.630,15525.000,21103.000,0.000,0.000,35.600,49.100,55.800,25.200,13.800,84.000,82.000
NVIDIA GeForce GTX 1650,Wuthering Waves,03-01-2026 17:45:11,3760.137,1785.000,6120.984,47.415,0.000,1.000,0.000,0.000,97.000,65.778,3900.000,39.379,15524.000,21098.000,0.000,0.000,35.600,49.100,55.800,25.200,13.800,84.000,82.000
NVIDIA GeForce GTX 1650,Wuthering Waves,03-01-2026 17:45:12,3760.137,1785.000,6120.984,47.613,0.000,0.000,0.000,1.000,97.000,62.465,4100.000,39.785,15521.000,21095.000,0.000,0.000,35.600,49.100,55.800,25.200,13.800,84.000,82.000
NVIDIA GeForce GTX 1650,Wuthering Waves,03-01-2026 17:45:13,3760.137,1785.000,6120.984,46.136,0.000,0.000,0.000,1.000,96.000,63.303,4000.000,39.597,15516.000,21094.000,0.000,0.000,35.600,49.100,55.800,25.200,13.800,84.000,85.000
NVIDIA GeForce GTX 1650,Wuthering Waves,03-01-2026 17:45:14,3760.137,1785.000,6120.984,47.109,0.000,0.000,0.000,1.000,95.000,60.941,3900.000,39.485,15507.000,21098.000,0.000,0.000,35.600,49.100,55.800,25.200,13.800,85.000,86.000
NVIDIA GeForce GTX 1650,Wuthering Waves,03-01-2026 17:45:15,3760.137,1785.000,6120.984,45.430,0.000,0.000,0.000,1.000,94.000,65.792,3800.000,39.473,15507.000,21097.000,0.000,0.000,35.600,49.100,55.800,25.200,13.800,84.000,81.000
NVIDIA GeForce GTX 1650,Wuthering Waves,03-01-2026 17:45:16,3760.137,1785.000,6120.984,48.368,0.000,0.000,0.000,1.000,97.000,66.764,3900.000,39.290,15519.000,21118.000,0.000,0.000,35.600,49.100,55.800,25.200,13.800,84.000,77.000
NVIDIA GeForce GTX 1650,Wuthering Waves,03-01-2026 17:45:17,3760.137,1785.000,6120.984,46.937,0.000,0.000,0.000,1.000,95.000,83.666,3900.000,40.482,15529.000,21147.000,0.300,62063.832,35.600,49.100,55.800,25.200,13.800,84.000,62.000
NVIDIA GeForce GTX 1650,Wuthering Waves,03-01-2026 17:45:18,3753.137,1785.000,6120.984,47.166,0.000,0.000,0.000,1.000,96.000,69.623,3800.000,39.015,15517.000,21156.000,44.700,31.605,35.600,49.100,55.800,25.200,13.800,83.000,78.000
NVIDIA GeForce GTX 1650,Wuthering Waves,03-01-2026 17:45:19,3753.137,1785.000,6120.984,45.478,0.000,0.000,0.000,1.000,96.000,70.514,3900.000,40.391,15517.000,21145.000,43.600,0.000,35.600,49.100,55.800,25.200,13.800,84.000,74.000
NVIDIA GeForce GTX 1650,Wuthering Waves,03-01-2026 17:45:20,3753.137,1785.000,6120.984,43.640,0.000,0.000,0.000,1.000,95.000,72.360,3700.000,40.442,15527.000,21155.000,42.100,37.460,35.600,49.100,55.800,25.200,13.800,84.000,71.000
NVIDIA GeForce GTX 1650,Wuthering Waves,03-01-2026 17:45:21,3753.137,1785.000,6120.984,45.500,0.000,0.000,0.000,1.000,95.000,69.285,3900.000,39.157,15544.000,21174.000,46.900,25.594,35.600,49.100,55.800,25.200,13.800,83.000,78.000
NVIDIA GeForce GTX 1650,Wuthering Waves,03-01-2026 17:45:22,3753.137,1785.000,6120.984,45.905,0.000,0.000,0.000,1.000,97.000,66.630,3800.000,40.423,15532.000,21139.000,46.900,30.772,35.600,49.100,55.800,25.200,13.800,84.000,77.000
NVIDIA GeForce GTX 1650,Wuthering Waves,03-01-2026 17:45:23,3753.137,1785.000,6120.984,45.271,0.000,0.000,0.000,1.000,96.000,66.920,3900.000,40.472,15535.000,21128.000,47.700,27.638,35.600,49.100,55.800,25.200,13.800,84.000,79.000
NVIDIA GeForce GTX 1650,Wuthering Waves,03-01-2026 17:45:24,3738.512,1785.000,6120.984,46.361,0.000,0.000,0.000,1.000,96.000,72.370,4000.000,40.043,15564.000,21132.000,44.200,32.627,35.600,49.100,55.800,25.200,13.800,84.000,74.000
NVIDIA GeForce GTX 1650,Wuthering Waves,03-01-2026 17:45:25,3727.512,1785.000,6120.984,40.658,0.000,0.000,0.000,1.000,95.000,80.908,3700.000,39.934,15584.000,21151.000,40.700,0.000,35.600,49.100,55.800,25.200,13.800,83.000,68.000
NVIDIA GeForce GTX 1650,Wuthering Waves,03-01-2026 17:45:26,3727.512,1785.000,6120.984,46.410,0.000,0.000,0.000,1.000,96.000,65.227,4000.000,40.887,15584.000,21146.000,49.500,0.000,35.600,49.100,55.800,25.200,13.800,84.000,80.000
NVIDIA GeForce GTX 1650,Wuthering Waves,03-01-2026 17:45:27,3727.512,1785.000,6120.984,42.422,0.000,0.000,0.000,1.000,95.000,69.757,3800.000,40.641,15585.000,21154.000,49.400,0.000,35.600,49.100,55.800,25.200,13.800,83.000,64.000
NVIDIA GeForce GTX 1650,Wuthering Waves,03-01-2026 17:45:28,3735.855,1785.000,6120.984,41.319,0.000,0.000,0.000,1.000,95.000,75.973,4000.000,41.160,15636.000,21168.000,0.000,0.000,35.600,49.100,55.800,25.200,13.800,83.000,73.000
NVIDIA GeForce GTX 1650,Wuthering Waves,03-01-2026 17:45:29,3735.855,1755.000,6120.984,49.452,0.000,1.000,0.000,0.000,94.000,65.939,3800.000,41.461,15591.000,21154.000,0.000,0.000,35.600,49.100,55.800,25.200,13.800,84.000,77.000
NVIDIA GeForce GTX 1650,Wuthering Waves,03-01-2026 17:45:30,3735.855,1785.000,6120.984,47.493,0.000,1.000,0.000,0.000,95.000,64.425,3800.000,39.731,15599.000,21158.000,0.000,0.000,35.600,49.100,55.800,25.200,13.800,84.000,82.000
NVIDIA GeForce GTX 1650,Wuthering Waves,03-01-2026 17:45:31,3735.855,1785.000,6120.984,46.899,0.000,0.000,0.000,1.000,94.000,65.308,3900.000,39.583,15585.000,21139.000,0.000,0.000,35.600,49.100,55.800,25.200,13.800,84.000,80.000
NVIDIA GeForce GTX 1650,Wuthering Waves,03-01-2026 17:45:32,3735.855,1785.000,6120.984,48.346,0.000,1.000,0.000,0.000,95.000,65.296,3800.000,39.168,15578.000,21144.000,0.000,0.000,35.600,49.100,55.800,25.200,13.800,84.000,80.000
NVIDIA GeForce GTX 1650,Wuthering Waves,03-01-2026 17:45:33,3735.855,1740.000,6120.984,48.699,0.000,1.000,0.000,0.000,94.000,60.521,4000.000,40.219,15566.000,21131.000,0.000,0.000,35.600,49.100,55.800,25.200,13.800,84.000,84.000
NVIDIA GeForce GTX 1650,Wuthering Waves,03-01-2026 17:45:34,3735.855,1740.000,6120.984,46.589,0.000,1.000,0.000,0.000,96.000,63.083,4100.000,39.246,15545.000,21120.000,0.000,0.000,35.600,49.100,55.800,25.200,13.800,84.000,83.000
NVIDIA GeForce GTX 1650,Wuthering Waves,03-01-2026 17:45:35,3735.855,1740.000,6120.984,47.830,0.000,1.000,0.000,0.000,95.000,64.328,3800.000,39.111,15533.000,21110.000,0.000,0.000,35.600,49.100,55.800,25.200,13.800,84.000,78.000
NVIDIA GeForce GTX 1650,Wuthering Waves,03-01-2026 17:45:36,3735.855,1785.000,6120.984,45.157,0.000,1.000,0.000,0.000,95.000,63.831,4000.000,39.715,15523.000,21091.000,0.000,0.000,35.600,49.100,55.800,25.200,13.800,84.000,83.000
NVIDIA GeForce GTX 1650,Wuthering Waves,03-01-2026 17:45:37,3735.855,1755.000,6120.984,48.018,0.000,1.000,0.000,0.000,95.000,65.973,3900.000,39.494,15524.000,21093.000,0.000,0.000,35.600,49.100,55.800,25.200,13.800,84.000,82.000
NVIDIA GeForce GTX 1650,Wuthering Waves,03-01-2026 17:45:38,3735.855,1740.000,6120.984,46.679,0.000,1.000,0.000,0.000,96.000,61.701,3900.000,40.163,15517.000,21089.000,0.000,0.000,35.600,49.100,55.800,25.200,13.800,84.000,85.000
NVIDIA GeForce GTX 1650,Wuthering Waves,03-01-2026 17:45:39,3735.855,1755.000,6120.984,47.271,0.000,1.000,0.000,0.000,97.000,65.834,4000.000,39.424,15502.000,21087.000,0.000,0.000,35.600,49.100,55.800,25.200,13.800,84.000,80.000
NVIDIA GeForce GTX 1650,Wuthering Waves,03-01-2026 17:45:40,3735.855,1725.000,6120.984,47.126,0.000,1.000,0.000,0.000,98.000,62.304,3900.000,39.101,15480.000,21075.000,0.000,0.000,35.600,49.100,55.800,25.200,13.800,84.000,82.000
NVIDIA GeForce GTX 1650,Wuthering Waves,03-01-2026 17:45:41,3735.855,1785.000,6120.984,45.147,0.000,1.000,0.000,0.000,94.000,62.330,3900.000,39.320,15477.000,21069.000,0.000,0.000,35.600,49.100,55.800,25.200,13.800,84.000,83.000
NVIDIA GeForce GTX 1650,Wuthering Waves,03-01-2026 17:45:42,3735.730,1740.000,6120.984,47.752,0.000,1.000,0.000,0.000,95.000,62.404,3800.000,39.577,15476.000,21068.000,0.000,0.000,35.600,49.100,55.800,25.200,13.800,84.000,82.000
NVIDIA GeForce GTX 1650,Wuthering Waves,03-01-2026 17:45:43,3735.730,1725.000,6120.984,49.250,0.000,1.000,0.000,0.000,95.000,59.672,4000.000,40.261,15477.000,21067.000,0.000,0.000,35.600,49.100,55.800,25.200,13.800,84.000,85.000
NVIDIA GeForce GTX 1650,Wuthering Waves,03-01-2026 17:45:44,3735.730,1770.000,6120.984,48.102,0.000,1.000,0.000,0.000,97.000,63.153,4000.000,39.506,15479.000,21079.000,0.000,0.000,35.600,49.100,55.800,25.200,13.800,84.000,85.000
NVIDIA GeForce GTX 1650,Wuthering Waves,03-01-2026 17:45:45,3735.730,1785.000,6120.984,45.569,0.000,0.000,0.000,1.000,94.000,63.494,3800.000,38.454,15479.000,21076.000,0.000,0.000,35.600,49.100,55.800,25.200,13.800,84.000,82.000
NVIDIA GeForce GTX 1650,Wuthering Waves,03-01-2026 17:45:46,3735.730,1755.000,6120.984,47.816,0.000,1.000,0.000,0.000,95.000,62.005,3900.000,40.302,15478.000,21077.000,0.000,0.000,35.600,49.100,55.800,25.200,13.800,84.000,82.000
NVIDIA GeForce GTX 1650,Wuthering Waves,03-01-2026 17:45:47,3739.730,1785.000,6120.984,49.034,0.000,0.000,0.000,1.000,96.000,70.619,4000.000,38.641,15479.000,21073.000,0.000,0.000,35.600,49.100,55.800,25.200,13.800,84.000,84.000
NVIDIA GeForce GTX 1650,Wuthering Waves,03-01-2026 17:45:48,3739.730,1770.000,6120.984,46.851,0.000,1.000,0.000,0.000,97.000,63.473,3900.000,39.016,15479.000,21070.000,0.000,0.000,35.600,49.100,55.800,25.200,13.800,84.000,78.000
NVIDIA GeForce GTX 1650,Wuthering Waves,03-01-2026 17:45:49,3739.730,1785.000,6120.984,48.504,0.000,1.000,0.000,0.000,95.000,63.666,3900.000,39.283,15458.000,21047.000,0.000,0.000,35.600,49.100,55.800,25.200,13.800,84.000,81.000
NVIDIA GeForce GTX 1650,Wuthering Waves,03-01-2026 17:45:50,3739.730,1785.000,6120.984,47.975,0.000,0.000,0.000,1.000,98.000,60.533,3900.000,39.518,15454.000,21042.000,0.000,0.000,35.600,49.100,55.800,25.200,13.800,84.000,83.000
NVIDIA GeForce GTX 1650,Wuthering Waves,03-01-2026 17:45:51,3739.730,1755.000,6120.984,47.701,0.000,1.000,0.000,0.000,98.000,62.430,3900.000,39.397,15420.000,21007.000,0.000,0.000,35.600,49.100,55.800,25.200,13.800,84.000,81.000
NVIDIA GeForce GTX 1650,Wuthering Waves,03-01-2026 17:45:52,3739.730,1785.000,6120.984,42.633,0.000,0.000,0.000,1.000,94.000,71.283,4100.000,38.126,15411.000,21010.000,0.000,0.000,35.600,49.100,55.800,25.200,13.800,84.000,82.000
NVIDIA GeForce GTX 1650,Wuthering Waves,03-01-2026 17:45:53,3739.730,1770.000,6120.984,45.050,0.000,1.000,0.000,0.000,98.000,65.060,3900.000,39.234,15404.000,20998.000,0.000,0.000,35.600,49.100,55.800,25.200,13.800,84.000,73.000
NVIDIA GeForce GTX 1650,Wuthering Waves,03-01-2026 17:45:54,3749.668,1785.000,6120.984,46.726,0.000,0.000,0.000,1.000,97.000,60.327,3900.000,38.980,15391.000,20973.000,0.000,0.000,35.600,49.100,55.800,25.200,13.800,84.000,78.000
NVIDIA GeForce GTX 1650,Wuthering Waves,03-01-2026 17:45:55,3739.730,1785.000,6120.984,45.305,0.000,1.000,0.000,0.000,96.000,64.745,3900.000,39.273,15391.000,20977.000,0.000,0.000,35.600,49.100,55.800,25.200,13.800,84.000,83.000
NVIDIA GeForce GTX 1650,Wuthering Waves,03-01-2026 17:45:56,3739.730,1785.000,6120.984,48.596,0.000,1.000,0.000,0.000,95.000,60.292,4000.000,39.513,15392.000,20973.000,0.000,0.000,35.600,49.100,55.800,25.200,13.800,84.000,81.000
NVIDIA GeForce GTX 1650,Wuthering Waves,03-01-2026 17:45:57,3739.730,1785.000,6120.984,48.171,0.000,0.000,0.000,1.000,97.000,63.151,3900.000,39.531,15379.000,20961.000,0.000,0.000,35.600,49.100,55.800,25.200,13.800,84.000,84.000
NVIDIA GeForce GTX 1650,Wuthering Waves,03-01-2026 17:45:58,3739.730,1785.000,6120.984,46.269,0.000,0.000,0.000,1.000,95.000,60.480,4100.000,39.064,15358.000,20960.000,0.000,0.000,35.600,49.100,55.800,25.200,13.800,84.000,81.000
NVIDIA GeForce GTX 1650,Wuthering Waves,03-01-2026 17:45:59,3739.730,1725.000,6120.984,47.911,0.000,1.000,0.000,0.000,97.000,63.023,4000.000,39.894,15352.000,20957.000,0.000,0.000,35.600,49.100,55.800,25.200,13.800,84.000,82.000
NVIDIA GeForce GTX 1650,Wuthering Waves,03-01-2026 17:46:00,3739.730,1785.000,6120.984,48.055,0.000,0.000,0.000,1.000,98.000,62.191,3900.000,39.644,15359.000,20960.000,0.000,0.000,35.600,49.100,55.800,25.200,13.800,84.000,81.000
NVIDIA GeForce GTX 1650,Wuthering Waves,03-01-2026 17:46:01,3739.730,1785.000,6120.984,48.749,0.000,0.000,0.000,1.000,94.000,61.769,3900.000,39.883,15355.000,20958.000,0.000,0.000,35.600,49.100,55.800,25.200,13.800,84.000,83.000
NVIDIA GeForce GTX 1650,Wuthering Waves,03-01-2026 17:46:02,3739.730,1785.000,6120.984,46.838,0.000,0.000,0.000,1.000,97.000,60.300,4000.000,39.733,15354.000,20957.000,0.000,0.000,35.600,49.100,55.800,25.200,13.800,84.000,83.000
NVIDIA GeForce GTX 1650,Wuthering Waves,03-01-2026 17:46:03,3739.730,1785.000,6120.984,45.587,0.000,0.000,0.000,1.000,95.000,61.886,4000.000,38.842,15359.000,20963.000,0.000,0.000,35.600,49.100,55.800,25.200,13.800,84.000,83.000
NVIDIA GeForce GTX 1650,Wuthering Waves,03-01-2026 17:46:04,3749.668,1785.000,6120.984,42.866,0.000,0.000,0.000,1.000,96.000,60.314,3900.000,39.741,15362.000,20960.000,0.000,0.000,35.600,49.100,55.800,25.200,13.800,84.000,82.000
NVIDIA GeForce GTX 1650,Wuthering Waves,03-01-2026 17:46:05,3739.730,1785.000,6120.984,47.413,0.000,0.000,0.000,1.000,95.000,62.791,3900.000,39.582,15366.000,20965.000,0.000,0.000,35.600,49.100,55.800,25.200,13.800,84.000,83.000
NVIDIA GeForce GTX 1650,Wuthering Waves,03-01-2026 17:46:06,3739.730,1770.000,6120.984,46.441,0.000,1.000,0.000,0.000,96.000,62.626,4200.000,39.011,15357.000,20957.000,0.000,0.000,35.600,49.100,55.800,25.200,13.800,84.000,82.000
NVIDIA GeForce GTX 1650,Wuthering Waves,03-01-2026 17:46:07,3739.730,1785.000,6120.984,48.122,0.000,1.000,0.000,0.000,95.000,61.072,3800.000,39.686,15358.000,20955.000,0.000,0.000,35.600,49.100,55.800,25.200,13.800,84.000,83.000
NVIDIA GeForce GTX 1650,Wuthering Waves,03-01-2026 17:46:08,3739.730,1785.000,6120.984,48.589,0.000,0.000,0.000,1.000,96.000,61.161,3900.000,39.045,15341.000,20956.000,0.000,0.000,35.600,49.100,55.800,25.200,13.800,84.000,84.000
NVIDIA GeForce GTX 1650,Wuthering Waves,03-01-2026 17:46:09,3739.730,1785.000,6120.984,48.394,0.000,0.000,0.000,1.000,96.000,64.502,4000.000,38.853,15337.000,20958.000,0.000,0.000,35.600,49.100,55.800,25.200,13.800,84.000,82.000
NVIDIA GeForce GTX 1650,Wuthering Waves,03-01-2026 17:46:10,3739.730,1785.000,6120.984,47.773,0.000,1.000,0.000,0.000,95.000,62.831,4000.000,39.103,15343.000,20964.000,0.000,0.000,35.600,49.100,55.800,25.200,13.800,84.000,82.000
NVIDIA GeForce GTX 1650,Wuthering Waves,03-01-2026 17:46:11,3739.730,1770.000,6120.984,49.377,0.000,1.000,0.000,0.000,97.000,61.737,3900.000,38.949,15341.000,20961.000,0.000,0.000,35.600,49.100,55.800,25.200,13.800,84.000,82.000
NVIDIA GeForce GTX 1650,Wuthering Waves,03-01-2026 17:46:12,3739.730,1785.000,6120.984,47.628,0.000,1.000,0.000,0.000,97.000,64.497,3900.000,39.185,15350.000,20972.000,0.000,0.000,35.600,49.100,55.800,25.200,13.800,84.000,85.000
NVIDIA GeForce GTX 1650,Wuthering Waves,03-01-2026 17:46:13,3739.730,1785.000,6120.984,44.867,0.000,0.000,0.000,1.000,95.000,61.475,4000.000,39.464,15342.000,20957.000,0.000,0.000,35.600,49.100,55.800,25.200,13.800,84.000,80.000
NVIDIA GeForce GTX 1650,Wuthering Waves,03-01-2026 17:46:14,3749.668,1785.000,6120.984,47.871,0.000,0.000,0.000,1.000,96.000,61.072,3900.000,39.472,15339.000,20955.000,0.000,0.000,35.600,49.100,55.800,25.200,13.800,84.000,84.000
NVIDIA GeForce GTX 1650,Wuthering Waves,03-01-2026 17:46:15,3739.730,1785.000,6120.984,40.996,0.000,0.000,0.000,1.000,95.000,71.908,4000.000,37.510,15346.000,20966.000,0.000,0.000,35.600,49.100,55.800,25.200,13.800,83.000,84.000
NVIDIA GeForce GTX 1650,Wuthering Waves,03-01-2026 17:46:16,3739.730,1785.000,6120.984,48.490,0.000,0.000,0.000,1.000,97.000,63.600,3700.000,39.323,15338.000,20956.000,0.000,0.000,35.600,49.100,55.800,25.200,13.800,84.000,73.000
NVIDIA GeForce GTX 1650,Wuthering Waves,03-01-2026 17:46:17,3739.730,1770.000,6120.984,48.008,0.000,1.000,0.000,0.000,94.000,63.810,3900.000,39.351,15340.000,20961.000,0.000,0.000,35.600,49.100,55.800,25.200,13.800,84.000,82.000
NVIDIA GeForce GTX 1650,Wuthering Waves,03-01-2026 17:46:18,3739.730,1785.000,6120.984,48.226,0.000,0.000,0.000,1.000,97.000,60.611,3900.000,39.148,15308.000,20953.000,0.000,0.000,35.600,49.100,55.800,25.200,13.800,84.000,82.000
NVIDIA GeForce GTX 1650,Wuthering Waves,03-01-2026 17:46:19,3739.730,1785.000,6120.984,47.052,0.000,1.000,0.000,0.000,97.000,67.360,3700.000,39.210,15325.000,20966.000,0.000,0.000,35.600,49.100,55.800,25.200,13.800,84.000,83.000
NVIDIA GeForce GTX 1650,Wuthering Waves,03-01-2026 17:46:20,3739.730,1770.000,6120.984,49.131,0.000,1.000,0.000,0.000,95.000,63.096,3800.000,39.398,15329.000,20964.000,0.000,0.000,35.600,49.100,55.800,25.200,13.800,84.000,78.000
NVIDIA GeForce GTX 1650,Wuthering Waves,03-01-2026 17:46:21,3739.730,1785.000,6120.984,45.558,0.000,1.000,0.000,0.000,95.000,65.084,3400.000,39.486,15337.000,20977.000,0.000,0.000,35.600,49.100,55.800,25.200,13.800,84.000,81.000
NVIDIA GeForce GTX 1650,Wuthering Waves,03-01-2026 17:46:23,3739.730,1785.000,6120.984,45.093,0.000,0.000,0.000,1.000,95.000,72.473,3800.000,38.334,15330.000,20976.000,0.000,0.000,35.600,49.100,55.800,25.200,13.800,84.000,74.000
NVIDIA GeForce GTX 1650,Wuthering Waves,03-01-2026 17:46:23,3739.730,1755.000,6120.984,48.591,0.000,1.000,0.000,0.000,97.000,65.537,4100.000,40.498,15330.000,20976.000,0.000,0.000,35.600,49.100,55.800,25.200,13.800,84.000,74.000
NVIDIA GeForce GTX 1650,Wuthering Waves,03-01-2026 17:46:24,3739.730,1785.000,6120.984,46.486,0.000,0.000,0.000,1.000,95.000,63.090,4000.000,39.582,15329.000,20978.000,0.000,0.000,35.600,49.100,55.800,25.200,13.800,84.000,76.000
NVIDIA GeForce GTX 1650,Wuthering Waves,03-01-2026 17:46:25,3739.730,1785.000,6120.984,47.605,0.000,1.000,0.000,0.000,95.000,62.665,4000.000,38.964,15327.000,20974.000,0.000,0.000,35.600,49.100,55.800,25.200,13.800,84.000,83.000
NVIDIA GeForce GTX 1650,Wuthering Waves,03-01-2026 17:46:26,3739.730,1755.000,6120.984,48.625,0.000,1.000,0.000,0.000,95.000,63.782,3700.000,39.759,15324.000,20974.000,0.000,0.000,35.600,49.100,55.800,25.200,13.800,84.000,79.000
NVIDIA GeForce GTX 1650,Wuthering Waves,03-01-2026 17:46:27,3739.730,1785.000,6120.984,48.551,0.000,0.000,0.000,1.000,96.000,62.874,4000.000,39.279,15328.000,20976.000,0.000,0.000,35.600,49.100,55.800,25.200,13.800,84.000,82.000
NVIDIA GeForce GTX 1650,Wuthering Waves,03-01-2026 17:46:28,3739.730,1740.000,6120.984,48.448,0.000,1.000,0.000,0.000,95.000,61.349,4000.000,39.486,15329.000,20980.000,0.000,0.000,35.600,49.100,55.800,25.200,13.800,84.000,83.000
NVIDIA GeForce GTX 1650,Wuthering Waves,03-01-2026 17:46:29,3739.730,1785.000,6120.984,45.107,0.000,1.000,0.000,0.000,96.000,65.598,3700.000,39.450,15325.000,20975.000,0.000,0.000,35.600,49.100,55.800,25.200,13.800,84.000,81.000
NVIDIA GeForce GTX 1650,Wuthering Waves,03-01-2026 17:46:30,3749.668,1785.000,6120.984,48.595,0.000,0.000,0.000,1.000,95.000,61.348,4000.000,39.585,15329.000,20976.000,0.000,0.000,35.600,49.100,55.800,25.200,13.800,84.000,80.000
NVIDIA GeForce GTX 1650,Wuthering Waves,03-01-2026 17:46:31,3739.730,1755.000,6120.984,48.031,0.000,1.000,0.000,0.000,95.000,64.897,4200.000,39.720,15324.000,20985.000,0.000,0.000,35.600,49.100,55.800,25.200,13.800,84.000,82.000
NVIDIA GeForce GTX 1650,Wuthering Waves,03-01-2026 17:46:32,3739.730,1785.000,6120.984,44.074,0.000,0.000,0.000,1.000,95.000,67.556,3900.000,38.170,15316.000,20974.000,0.000,0.000,35.600,49.100,55.800,25.200,13.800,84.000,82.000
NVIDIA GeForce GTX 1650,Wuthering Waves,03-01-2026 17:46:33,3739.730,1785.000,6120.984,49.016,0.000,0.000,0.000,1.000,97.000,62.539,4200.000,39.559,15316.000,20974.000,0.000,0.000,35.600,49.100,55.800,25.200,13.800,84.000,78.000
NVIDIA GeForce GTX 1650,Wuthering Waves,03-01-2026 17:46:34,3739.730,1785.000,6120.984,48.461,0.000,0.000,0.000,1.000,96.000,64.408,3600.000,39.341,15317.000,20979.000,0.000,0.000,35.600,49.100,55.800,25.200,13.800,84.000,82.000
NVIDIA GeForce GTX 1650,Wuthering Waves,03-01-2026 17:46:35,3739.730,1725.000,6120.984,47.683,0.000,1.000,0.000,0.000,95.000,62.048,4000.000,39.102,15317.000,20978.000,0.000,0.000,35.600,49.100,55.800,25.200,13.800,84.000,84.000
NVIDIA GeForce GTX 1650,Wuthering Waves,03-01-2026 17:46:36,3739.730,1755.000,6120.984,48.574,0.000,1.000,0.000,0.000,95.000,61.704,3900.000,39.476,15311.000,20977.000,0.000,0.000,35.600,49.100,55.800,25.200,13.800,84.000,79.000
NVIDIA GeForce GTX 1650,Wuthering Waves,03-01-2026 17:46:37,3739.730,1785.000,6120.984,49.066,0.000,1.000,0.000,0.000,95.000,64.648,3800.000,38.730,15324.000,20984.000,0.000,0.000,35.600,49.100,55.800,25.200,13.800,84.000,83.000
NVIDIA GeForce GTX 1650,Wuthering Waves,03-01-2026 17:46:38,3739.730,1770.000,6120.984,48.626,0.000,1.000,0.000,0.000,95.000,59.900,4000.000,39.768,15321.000,20980.000,0.000,0.000,35.600,49.100,55.800,25.200,13.800,84.000,83.000
NVIDIA GeForce GTX 1650,Wuthering Waves,03-01-2026 17:46:39,3739.730,1785.000,6120.984,42.083,0.000,0.000,0.000,1.000,97.000,67.180,3400.000,38.593,15326.000,20986.000,0.000,0.000,35.600,49.100,55.800,25.200,13.800,84.000,82.000
NVIDIA GeForce GTX 1650,Wuthering Waves,03-01-2026 17:46:40,3749.668,1785.000,6120.984,46.349,0.000,0.000,0.000,1.000,94.000,61.866,4100.000,38.792,15328.000,20986.000,0.000,0.000,35.600,49.100,55.800,25.200,13.800,84.000,80.000
NVIDIA GeForce GTX 1650,Wuthering Waves,03-01-2026 17:46:41,3739.730,1785.000,6120.984,47.766,0.000,0.000,0.000,1.000,94.000,65.237,4100.000,39.054,15326.000,20981.000,0.000,0.000,35.600,49.100,55.800,25.200,13.800,84.000,81.000
NVIDIA GeForce GTX 1650,Wuthering Waves,03-01-2026 17:46:42,3739.730,1785.000,6120.984,45.141,0.000,0.000,0.000,1.000,96.000,63.343,4100.000,38.192,15318.000,20976.000,0.000,0.000,35.600,49.100,55.800,25.200,13.800,84.000,82.000
NVIDIA GeForce GTX 1650,Wuthering Waves,03-01-2026 17:46:43,3739.730,1785.000,6120.984,48.803,0.000,0.000,0.000,1.000,96.000,62.156,4000.000,39.375,15315.000,20975.000,0.000,0.000,35.600,49.100,55.800,25.200,13.800,84.000,81.000
NVIDIA GeForce GTX 1650,Wuthering Waves,03-01-2026 17:46:44,3739.730,1785.000,6120.984,48.253,0.000,0.000,0.000,1.000,93.000,72.939,3900.000,37.505,15319.000,20983.000,0.000,0.000,35.600,49.100,55.800,25.200,13.800,84.000,75.000
NVIDIA GeForce GTX 1650,Wuthering Waves,03-01-2026 17:46:46,3744.855,1785.000,6120.984,42.643,0.000,0.000,0.000,1.000,96.000,71.815,3900.000,38.568,15307.000,20976.000,0.000,0.000,35.600,49.100,55.800,25.200,13.800,84.000,73.000
NVIDIA GeForce GTX 1650,Wuthering Waves,03-01-2026 17:46:47,3744.855,1785.000,6120.984,45.471,0.000,0.000,0.000,1.000,95.000,60.221,4100.000,39.836,15316.000,20981.000,0.000,0.000,35.600,49.100,55.800,25.200,13.800,84.000,76.000
NVIDIA GeForce GTX 1650,Wuthering Waves,03-01-2026 17:46:48,3754.793,1785.000,6120.984,47.713,0.000,0.000,0.000,1.000,94.000,61.443,3700.000,39.292,15313.000,20979.000,0.000,0.000,35.600,49.100,55.800,25.200,13.800,84.000,84.000
NVIDIA GeForce GTX 1650,Wuthering Waves,03-01-2026 17:46:49,3744.855,1785.000,6120.984,48.927,0.000,0.000,0.000,1.000,94.000,63.897,3900.000,38.977,15320.000,20988.000,0.000,0.000,35.600,49.100,55.800,25.200,13.800,84.000,82.000
NVIDIA GeForce GTX 1650,Wuthering Waves,03-01-2026 17:46:50,3744.855,1770.000,6120.984,48.707,0.000,1.000,0.000,0.000,95.000,61.893,4200.000,39.204,15315.000,20980.000,0.000,0.000,35.600,49.100,55.800,25.200,13.800,84.000,81.000
NVIDIA GeForce GTX 1650,Wuthering Waves,03-01-2026 17:46:51,3744.855,1785.000,6120.984,48.002,0.000,0.000,0.000,1.000,95.000,62.260,3800.000,38.940,15317.000,20987.000,0.000,0.000,35.600,49.100,55.800,25.200,13.800,84.000,81.000
NVIDIA GeForce GTX 1650,Wuthering Waves,03-01-2026 17:46:52,3744.855,1755.000,6120.984,48.583,0.000,1.000,0.000,0.000,94.000,62.667,4100.000,39.052,15319.000,20983.000,0.000,0.000,35.600,49.100,55.800,25.200,13.800,84.000,83.000
NVIDIA GeForce GTX 1650,Wuthering Waves,03-01-2026 17:46:53,3744.855,1770.000,6120.984,48.653,0.000,1.000,0.000,0.000,95.000,63.238,3700.000,38.931,15327.000,20985.000,0.000,0.000,35.600,49.100,55.800,25.200,13.800,84.000,80.000
NVIDIA GeForce GTX 1650,Wuthering Waves,03-01-2026 17:46:54,3744.855,1785.000,6120.984,47.719,0.000,0.000,0.000,1.000,96.000,63.204,4000.000,39.748,15328.000,20982.000,0.000,0.000,35.600,49.100,55.800,25.200,13.800,84.000,82.000
NVIDIA GeForce GTX 1650,Wuthering Waves,03-01-2026 17:46:55,3739.855,1770.000,6120.984,46.249,0.000,1.000,0.000,0.000,95.000,61.483,4100.000,39.450,15341.000,20981.000,0.000,0.000,35.600,49.100,55.800,25.200,13.800,84.000,85.000
NVIDIA GeForce GTX 1650,Wuthering Waves,03-01-2026 17:46:56,3739.855,1785.000,6120.984,44.848,0.000,0.000,0.000,1.000,94.000,70.651,3800.000,37.894,15322.000,20979.000,0.000,0.000,35.600,49.100,55.800,25.200,13.800,84.000,79.000
NVIDIA GeForce GTX 1650,Wuthering Waves,03-01-2026 17:46:57,3749.793,1785.000,6120.984,45.855,0.000,0.000,0.000,1.000,95.000,64.040,4000.000,39.083,15340.000,20982.000,0.000,0.000,35.600,49.100,55.800,25.200,13.800,84.000,78.000
NVIDIA GeForce GTX 1650,Wuthering Waves,03-01-2026 17:46:58,3739.855,1740.000,6120.984,48.706,0.000,1.000,0.000,0.000,94.000,62.872,3800.000,39.557,15340.000,20981.000,0.000,0.000,35.600,49.100,55.800,25.200,13.800,84.000,79.000
NVIDIA GeForce GTX 1650,Wuthering Waves,03-01-2026 17:46:59,3739.855,1785.000,6120.984,46.031,0.000,0.000,0.000,1.000,94.000,63.673,4200.000,38.462,15334.000,20970.000,0.000,0.000,35.600,49.100,55.800,25.200,13.800,84.000,82.000
NVIDIA GeForce GTX 1650,Wuthering Waves,03-01-2026 17:47:00,3739.855,1755.000,6120.984,47.632,0.000,1.000,0.000,0.000,95.000,63.765,3700.000,38.923,15347.000,20981.000,0.000,0.000,35.600,49.100,55.800,25.200,13.800,84.000,79.000
NVIDIA GeForce GTX 1650,Wuthering Waves,03-01-2026 17:47:01,3739.855,1785.000,6120.984,48.269,0.000,1.000,0.000,0.000,95.000,62.890,4000.000,39.652,15334.000,20974.000,0.000,0.000,35.600,49.100,55.800,25.200,13.800,84.000,80.000
NVIDIA GeForce GTX 1650,Wuthering Waves,03-01-2026 17:47:02,3739.855,1770.000,6120.984,47.549,0.000,1.000,0.000,0.000,94.000,63.244,3900.000,39.471,15335.000,20975.000,0.000,0.000,35.600,49.100,55.800,25.200,13.800,84.000,81.000
NVIDIA GeForce GTX 1650,Wuthering Waves,03-01-2026 17:47:03,3739.855,1740.000,6120.984,46.923,0.000,1.000,0.000,0.000,97.000,67.592,3600.000,39.817,15336.000,20973.000,0.000,0.000,35.600,49.100,55.800,25.200,13.800,84.000,78.000
NVIDIA GeForce GTX 1650,Wuthering Waves,03-01-2026 17:47:04,3749.793,1785.000,6120.984,34.072,0.000,0.000,0.000,1.000,95.000,70.812,3700.000,40.107,15353.000,21001.000,0.000,97447.992,35.600,49.100,55.800,25.200,13.800,83.000,77.000
NVIDIA GeForce GTX 1650,Wuthering Waves,03-01-2026 17:47:05,3743.855,1785.000,6120.984,44.146,0.000,1.000,0.000,0.000,95.000,68.794,4000.000,39.390,15349.000,21000.000,45.800,29.501,35.600,49.100,55.800,25.200,13.800,84.000,68.000
NVIDIA GeForce GTX 1650,Wuthering Waves,03-01-2026 17:47:06,3743.855,1785.000,6120.984,43.813,0.000,0.000,0.000,1.000,94.000,70.267,3900.000,39.911,15345.000,21011.000,44.200,30.495,35.600,49.100,55.800,25.200,13.800,84.000,78.000
NVIDIA GeForce GTX 1650,Wuthering Waves,03-01-2026 17:47:07,3743.355,1785.000,6120.984,45.368,0.000,0.000,0.000,1.000,97.000,66.341,3900.000,40.243,15348.000,21006.000,45.400,37.182,35.600,49.100,55.800,25.200,13.800,84.000,75.000
NVIDIA GeForce GTX 1650,Wuthering Waves,03-01-2026 17:47:08,3741.980,1785.000,6120.984,46.322,0.000,0.000,0.000,1.000,95.000,66.799,4000.000,40.683,15384.000,21022.000,46.800,0.000,35.600,49.100,55.800,25.200,13.800,84.000,74.000
NVIDIA GeForce GTX 1650,Wuthering Waves,03-01-2026 17:47:10,3739.668,1785.000,6120.984,43.339,0.000,1.000,0.000,0.000,95.000,73.539,4000.000,39.515,15362.000,20996.000,48.200,0.000,35.600,49.100,55.800,25.200,13.800,84.000,64.000
NVIDIA GeForce GTX 1650,Wuthering Waves,03-01-2026 17:47:11,3739.605,1785.000,6120.984,43.806,0.000,0.000,0.000,1.000,98.000,71.391,3800.000,40.088,15407.000,21007.000,46.700,42.602,35.600,49.100,55.800,25.200,13.800,84.000,73.000
NVIDIA GeForce GTX 1650,Wuthering Waves,03-01-2026 17:47:12,3750.293,1785.000,6120.984,42.704,0.000,0.000,0.000,1.000,97.000,65.096,3800.000,39.568,15423.000,20998.000,44.100,35.698,35.600,49.100,55.800,25.200,13.800,84.000,71.000
NVIDIA GeForce GTX 1650,Wuthering Waves,03-01-2026 17:47:13,3751.980,1785.000,6120.984,45.963,0.000,0.000,0.000,1.000,98.000,82.283,3900.000,38.263,15501.000,21071.000,33.500,104.281,35.600,49.100,55.800,25.200,13.800,83.000,62.000
NVIDIA GeForce GTX 1650,Wuthering Waves,03-01-2026 17:47:14,3744.668,1785.000,6120.984,47.968,0.000,0.000,0.000,1.000,97.000,68.920,3700.000,40.100,15515.000,21057.000,45.800,39.299,35.600,49.100,55.800,25.200,13.800,84.000,62.000
NVIDIA GeForce GTX 1650,Wuthering Waves,03-01-2026 17:47:15,3752.957,1785.000,6120.984,45.376,0.000,0.000,0.000,1.000,96.000,64.705,3900.000,40.342,15513.000,21056.000,48.900,27.920,48.900,48.500,50.400,35.800,35.800,84.000,78.000
NVIDIA GeForce GTX 1650,Wuthering Waves,03-01-2026 17:47:16,3745.871,1785.000,6120.984,36.521,0.000,0.000,0.000,1.000,97.000,66.415,4100.000,39.162,15525.000,21063.000,45.800,35.550,45.800,46.700,50.400,28.100,28.100,84.000,73.000
NVIDIA GeForce GTX 1650,Wuthering Waves,03-01-2026 17:47:17,3767.133,1785.000,6120.984,42.917,0.000,0.000,0.000,1.000,96.000,73.965,3900.000,39.227,15525.000,21062.000,40.700,35.321,39.600,44.200,50.400,28.100,28.100,83.000,66.000
NVIDIA GeForce GTX 1650,Wuthering Waves,03-01-2026 17:47:18,3772.008,1785.000,6120.984,46.577,0.000,0.000,0.000,1.000,97.000,69.924,3700.000,39.453,15529.000,21074.000,38.100,47.684,37.500,42.400,50.400,20.900,20.900,83.000,68.000
NVIDIA GeForce GTX 1650,Wuthering Waves,03-01-2026 17:47:19,3750.320,1785.000,6120.984,45.745,0.000,0.000,0.000,1.000,96.000,63.221,3900.000,41.145,15532.000,21059.000,43.500,33.516,37.500,42.600,50.400,20.900,20.900,84.000,74.000
NVIDIA GeForce GTX 1650,Wuthering Waves,03-01-2026 17:47:20,3754.883,1785.000,6120.984,45.589,0.000,0.000,0.000,1.000,96.000,68.178,4000.000,39.948,15550.000,21079.000,44.300,42.744,37.500,43.000,50.400,23.300,20.900,83.000,79.000
NVIDIA GeForce GTX 1650,Wuthering Waves,03-01-2026 17:47:21,3759.047,1785.000,6120.984,46.260,0.000,0.000,0.000,1.000,97.000,67.376,3800.000,39.865,15571.000,21082.000,44.900,42.740,37.500,43.200,50.400,23.300,20.900,84.000,75.000
NVIDIA GeForce GTX 1650,Wuthering Waves,03-01-2026 17:47:22,3766.098,1755.000,6120.984,49.120,0.000,1.000,0.000,0.000,95.000,58.637,3700.000,39.959,15633.000,21124.000,50.500,67.567,37.500,44.200,50.500,20.900,14.800,84.000,76.000
NVIDIA GeForce GTX 1650,Wuthering Waves,03-01-2026 17:47:23,3769.910,1725.000,6120.984,47.313,0.000,1.000,0.000,0.000,96.000,52.993,3900.000,40.310,15629.000,21113.000,59.800,24.928,37.500,46.100,61.200,20.900,14.800,84.000,92.000
NVIDIA GeForce GTX 1650,Wuthering Waves,03-01-2026 17:47:24,3762.785,1710.000,6120.984,48.135,0.000,1.000,0.000,0.000,98.000,46.527,4100.000,40.753,15640.000,21109.000,60.300,24.094,37.500,47.600,61.200,20.900,14.800,84.000,91.000
NVIDIA GeForce GTX 1650,Wuthering Waves,03-01-2026 17:47:25,3772.086,1785.000,6120.984,23.714,0.000,0.000,0.000,1.000,95.000,59.483,4000.000,38.895,15623.000,21110.000,52.000,117.982,37.500,47.800,61.200,8.400,8.400,82.000,88.000
NVIDIA GeForce GTX 1650,Wuthering Waves,03-01-2026 17:47:26,3730.594,1785.000,6120.984,45.711,0.000,1.000,0.000,0.000,95.000,59.497,3600.000,41.361,15456.000,20915.000,38.500,161.630,30.700,46.900,61.200,6.100,6.100,84.000,52.000
NVIDIA GeForce GTX 1650,Wuthering Waves,03-01-2026 17:47:27,3715.719,1785.000,6120.984,38.645,0.000,0.000,0.000,1.000,96.000,68.520,4200.000,39.269,15544.000,20989.000,46.800,31.748,30.700,46.900,61.200,6.100,6.100,83.000,70.000
NVIDIA GeForce GTX 1650,Wuthering Waves,03-01-2026 17:47:28,3708.906,1785.000,6120.984,38.117,0.000,0.000,0.000,1.000,95.000,53.718,3700.000,40.693,15629.000,21011.000,38.500,41.965,30.700,46.300,61.200,6.100,6.100,83.000,58.000
NVIDIA GeForce GTX 1650,Wuthering Waves,03-01-2026 17:47:29,3708.906,1785.000,6120.984,40.290,0.000,0.000,0.000,1.000,96.000,47.486,4100.000,40.997,15613.000,20979.000,40.200,43.624,30.700,45.900,61.200,6.100,6.100,83.000,57.000
NVIDIA GeForce GTX 1650,Wuthering Waves,03-01-2026 17:47:30,3708.594,1785.000,6120.984,39.980,0.000,0.000,0.000,1.000,95.000,60.098,3800.000,39.939,15659.000,21005.000,38.100,38.711,30.700,45.400,61.200,6.100,6.100,83.000,58.000
NVIDIA GeForce GTX 1650,Wuthering Waves,03-01-2026 17:47:31,3712.719,1785.000,6120.984,35.626,0.000,0.000,0.000,1.000,95.000,60.507,4200.000,39.432,15667.000,21003.000,30.400,49.446,30.400,44.400,61.200,8.400,6.100,83.000,51.000
NVIDIA GeForce GTX 1650,Wuthering Waves,03-01-2026 17:47:32,3716.344,1785.000,6120.984,39.209,0.000,0.000,0.000,1.000,95.000,61.161,3700.000,40.137,15454.000,21017.000,34.500,43.861,28.100,43.900,61.200,8.400,6.100,82.000,49.000
NVIDIA GeForce GTX 1650,Wuthering Waves,03-01-2026 17:47:33,3720.344,1785.000,6120.984,37.257,0.000,0.000,0.000,1.000,95.000,58.068,4200.000,40.841,15425.000,21035.000,34.600,36.960,28.100,43.400,61.200,8.400,6.100,82.000,55.000
NVIDIA GeForce GTX 1650,Wuthering Waves,03-01-2026 17:47:34,3720.594,1785.000,6120.984,39.651,0.000,0.000,0.000,1.000,95.000,64.952,3700.000,40.350,15431.000,21044.000,32.900,48.438,28.100,42.800,61.200,8.400,6.100,83.000,53.000
NVIDIA GeForce GTX 1650,Wuthering Waves,03-01-2026 17:47:35,3720.781,1785.000,6120.984,27.772,0.000,0.000,0.000,1.000,97.000,75.694,3900.000,39.409,15486.000,21066.000,29.400,69.433,28.100,42.100,61.200,8.400,6.100,82.000,53.000
NVIDIA GeForce GTX 1650,Wuthering Waves,03-01-2026 17:47:36,3720.906,1785.000,6120.984,31.641,0.000,0.000,0.000,1.000,95.000,68.648,3800.000,40.251,15492.000,21079.000,32.200,47.043,27.800,41.700,61.200,8.400,6.100,82.000,45.000
NVIDIA GeForce GTX 1650,Wuthering Waves,03-01-2026 17:47:37,3720.906,1785.000,6120.984,40.980,0.000,0.000,0.000,1.000,95.000,67.171,3800.000,41.066,15470.000,21065.000,38.800,40.136,27.800,41.600,61.200,8.400,6.100,82.000,53.000
NVIDIA GeForce GTX 1650,Wuthering Waves,03-01-2026 17:47:38,3720.906,1785.000,6120.984,43.915,0.000,0.000,0.000,1.000,95.000,59.614,3900.000,42.278,15467.000,21059.000,46.400,29.565,27.800,41.800,61.200,8.400,6.100,82.000,67.000
NVIDIA GeForce GTX 1650,Wuthering Waves,03-01-2026 17:47:39,3720.906,1785.000,6120.984,41.831,0.000,0.000,0.000,1.000,95.000,59.714,4100.000,41.420,15476.000,21061.000,46.500,28.901,27.800,41.900,61.200,8.400,6.100,83.000,69.000
NVIDIA GeForce GTX 1650,Wuthering Waves,03-01-2026 17:47:40,3719.469,1785.000,6120.984,38.845,0.000,0.000,0.000,1.000,96.000,57.211,4200.000,41.539,15443.000,20995.000,42.700,35.290,27.800,42.000,61.200,8.400,6.100,83.000,62.000
NVIDIA GeForce GTX 1650,Wuthering Waves,03-01-2026 17:47:41,3719.469,1785.000,6120.984,39.123,0.000,0.000,0.000,1.000,95.000,58.479,4000.000,39.467,15483.000,21060.000,41.700,37.450,27.800,42.000,61.200,8.400,6.100,83.000,65.000
NVIDIA GeForce GTX 1650,Wuthering Waves,03-01-2026 17:47:42,3719.469,1785.000,6120.984,41.511,0.000,0.000,0.000,1.000,94.000,56.535,3900.000,39.873,15501.000,21062.000,37.500,45.332,27.800,41.800,61.200,8.400,6.100,82.000,61.000
NVIDIA GeForce GTX 1650,Wuthering Waves,03-01-2026 17:47:43,3719.469,1785.000,6120.984,41.177,0.000,0.000,0.000,1.000,96.000,55.007,4000.000,39.687,15500.000,21070.000,38.300,34.501,27.800,41.700,61.200,13.400,6.100,82.000,59.000
NVIDIA GeForce GTX 1650,Wuthering Waves,03-01-2026 17:47:44,3719.469,1785.000,6120.984,38.985,0.000,0.000,0.000,1.000,94.000,58.597,3900.000,40.165,15509.000,21080.000,38.500,37.658,27.800,41.600,61.200,13.400,6.100,82.000,60.000
NVIDIA GeForce GTX 1650,Wuthering Waves,03-01-2026 17:47:45,3723.344,1785.000,6120.984,35.247,0.000,0.000,0.000,1.000,95.000,56.617,3900.000,39.776,15556.000,21100.000,34.700,47.377,27.800,41.300,61.200,13.400,6.100,81.000,56.000
NVIDIA GeForce GTX 1650,Wuthering Waves,03-01-2026 17:47:46,3722.906,1785.000,6120.984,37.673,0.000,0.000,0.000,1.000,94.000,57.482,3900.000,39.895,15615.000,21146.000,35.400,47.204,27.800,41.200,61.200,13.400,6.100,82.000,48.000
NVIDIA GeForce GTX 1650,Wuthering Waves,03-01-2026 17:47:47,3716.719,1785.000,6120.984,39.305,0.000,0.000,0.000,1.000,95.000,58.424,3900.000,40.021,15600.000,21144.000,37.500,38.677,27.800,41.000,61.200,13.400,6.100,82.000,52.000
NVIDIA GeForce GTX 1650,Wuthering Waves,03-01-2026 17:47:48,3716.594,1785.000,6120.984,41.941,0.000,0.000,0.000,1.000,95.000,69.539,3900.000,39.936,15614.000,21160.000,36.300,59.901,27.800,40.900,61.200,13.400,6.100,82.000,52.000
NVIDIA GeForce GTX 1650,Wuthering Waves,03-01-2026 17:47:49,3722.344,1785.000,6120.984,42.060,0.000,0.000,0.000,1.000,95.000,69.494,3900.000,39.706,15672.000,21202.000,39.200,60.127,27.800,40.800,61.200,13.400,6.100,82.000,65.000
NVIDIA GeForce GTX 1650,Wuthering Waves,03-01-2026 17:47:50,3722.344,1785.000,6120.984,38.436,0.000,0.000,0.000,1.000,98.000,60.730,3900.000,40.079,15581.000,21205.000,42.400,29.704,27.800,40.900,61.200,14.400,6.100,82.000,64.000
NVIDIA GeForce GTX 1650,Wuthering Waves,03-01-2026 17:47:51,3722.344,1785.000,6120.984,37.350,0.000,0.000,0.000,1.000,95.000,55.854,3900.000,39.854,15569.000,21192.000,40.200,36.911,27.800,40.900,61.200,14.400,6.100,82.000,55.000
NVIDIA GeForce GTX 1650,Wuthering Waves,03-01-2026 17:47:52,3713.469,1785.000,6120.984,40.205,0.000,0.000,0.000,1.000,94.000,61.455,4000.000,39.616,15559.000,21211.000,42.200,40.180,27.800,40.900,61.200,14.400,6.100,82.000,61.000
NVIDIA GeForce GTX 1650,Wuthering Waves,03-01-2026 17:47:53,3713.469,1785.000,6120.984,36.332,0.000,0.000,0.000,1.000,96.000,60.754,3800.000,39.900,15550.000,21195.000,43.300,42.436,27.800,41.000,61.200,14.400,6.100,81.000,65.000
NVIDIA GeForce GTX 1650,Wuthering Waves,03-01-2026 17:47:54,3727.707,1785.000,6120.984,34.280,0.000,0.000,0.000,1.000,95.000,66.011,3800.000,39.976,15559.000,21205.000,35.900,85.006,27.800,40.800,61.200,13.400,6.100,82.000,53.000
NVIDIA GeForce GTX 1650,Wuthering Waves,03-01-2026 17:47:55,3726.707,1785.000,6120.984,34.167,0.000,0.000,0.000,1.000,94.000,67.139,3800.000,40.170,15662.000,21288.000,35.600,42.845,27.800,40.700,61.200,13.400,6.100,81.000,57.000
NVIDIA GeForce GTX 1650,Wuthering Waves,03-01-2026 17:47:56,3739.355,1785.000,6120.984,35.073,0.000,0.000,0.000,1.000,92.000,73.090,3800.000,39.328,15328.000,21346.000,29.000,88.751,27.800,40.400,61.200,11.700,6.100,81.000,44.000
NVIDIA GeForce GTX 1650,Wuthering Waves,03-01-2026 17:47:57,3720.930,1785.000,6120.984,38.208,0.000,0.000,0.000,1.000,96.000,63.399,3900.000,40.549,15483.000,21378.000,23.400,74.293,23.300,40.000,61.200,11.700,6.100,81.000,39.000
NVIDIA GeForce GTX 1650,Wuthering Waves,03-01-2026 17:47:58,3749.680,1785.000,6120.984,38.664,0.000,0.000,0.000,1.000,92.000,71.967,3800.000,40.112,15304.000,21412.000,42.200,47.953,23.300,40.100,61.200,11.700,6.100,82.000,63.000
NVIDIA GeForce GTX 1650,Wuthering Waves,03-01-2026 17:47:59,3719.414,1785.000,6120.984,39.065,0.000,0.000,0.000,1.000,96.000,77.235,3800.000,39.393,15274.000,21368.000,40.700,55.786,23.300,40.100,61.200,11.700,6.100,81.000,63.000
NVIDIA GeForce GTX 1650,Wuthering Waves,03-01-2026 17:48:00,3719.414,1785.000,6120.984,37.289,0.000,0.000,0.000,1.000,95.000,79.355,3900.000,40.256,15359.000,21461.000,38.300,71.800,23.300,40.000,61.200,13.400,6.100,81.000,53.000
NVIDIA GeForce GTX 1650,Wuthering Waves,03-01-2026 17:48:01,3737.789,1785.000,6120.984,38.878,0.000,0.000,0.000,1.000,96.000,64.289,3800.000,39.837,15461.000,21487.000,39.800,109.021,23.300,40.000,61.200,11.200,6.100,81.000,51.000
NVIDIA GeForce GTX 1650,Wuthering Waves,03-01-2026 17:48:02,3721.914,1785.000,6120.984,32.183,0.000,0.000,0.000,1.000,93.000,40.546,3800.000,37.665,15481.000,21479.000,61.500,31.321,23.300,40.500,61.500,11.200,6.100,80.000,52.000
NVIDIA GeForce GTX 1650,Wuthering Waves,03-01-2026 17:48:03,3728.539,1785.000,6120.984,30.012,0.000,0.000,0.000,1.000,96.000,39.695,4200.000,38.344,15495.000,21494.000,59.500,23.892,23.300,40.900,61.500,11.700,6.100,80.000,35.000
NVIDIA GeForce GTX 1650,Wuthering Waves,03-01-2026 17:48:04,3710.602,1650.000,6120.984,27.592,0.000,0.000,0.000,1.000,96.000,42.768,4300.000,40.313,15446.000,21491.000,60.100,25.065,23.300,41.300,61.500,11.700,6.100,79.000,37.000
NVIDIA GeForce GTX 1650,Wuthering Waves,03-01-2026 17:48:05,3720.664,1560.000,6120.984,25.219,0.000,0.000,0.000,1.000,97.000,50.969,3800.000,41.317,15486.000,21509.000,53.400,52.153,23.300,41.500,61.500,11.700,6.100,79.000,35.000
NVIDIA GeForce GTX 1650,Wuthering Waves,03-01-2026 17:48:06,3720.664,1500.000,6120.984,24.588,0.000,0.000,0.000,1.000,92.000,36.398,4100.000,37.529,15487.000,21481.000,60.600,21.928,23.300,41.900,61.500,11.700,6.100,79.000,36.000
NVIDIA GeForce GTX 1650,Wuthering Waves,03-01-2026 17:48:07,3720.664,1455.000,6120.984,23.508,0.000,0.000,0.000,1.000,95.000,39.698,4100.000,38.338,15512.000,21492.000,59.800,20.294,23.300,42.200,61.500,11.700,6.100,78.000,37.000
NVIDIA GeForce GTX 1650,Wuthering Waves,03-01-2026 17:48:08,3712.102,1320.000,6120.984,18.737,0.000,0.000,0.000,1.000,96.000,43.960,4200.000,38.840,15579.000,21554.000,46.200,220.248,23.300,42.300,61.500,9.100,4.500,77.000,33.000
NVIDIA GeForce GTX 1650,Wuthering Waves,03-01-2026 17:48:09,3711.602,960.000,6120.984,17.161,0.000,0.000,0.000,1.000,96.000,81.290,4200.000,41.488,15236.000,21542.000,3.800,474.663,2.800,41.500,61.500,2.800,2.100,77.000,10.000
NVIDIA GeForce GTX 1650,Wuthering Waves,03-01-2026 17:48:10,3716.539,1275.000,6120.984,23.021,0.000,0.000,0.000,1.000,95.000,66.557,4200.000,43.566,15217.000,21613.000,20.800,88.302,2.800,41.200,61.500,2.800,2.100,77.000,37.000
NVIDIA GeForce GTX 1650,Wuthering Waves,03-01-2026 17:48:11,3728.164,1575.000,6120.984,24.993,0.000,0.000,0.000,1.000,91.000,82.300,3900.000,42.310,15383.000,21716.000,20.700,155.184,2.800,40.800,61.500,2.800,2.100,78.000,31.000
NVIDIA GeForce GTX 1650,Wuthering Waves,03-01-2026 17:48:12,3747.852,1785.000,6120.984,38.121,0.000,0.000,0.000,1.000,90.000,82.754,3900.000,40.255,15427.000,21744.000,38.700,76.107,2.800,40.800,61.500,2.800,2.100,79.000,61.000
NVIDIA GeForce GTX 1650,Wuthering Waves,03-01-2026 17:48:13,3702.477,1785.000,6120.984,47.839,0.000,0.000,0.000,1.000,90.000,78.713,3700.000,39.630,15449.000,21778.000,48.600,40.244,2.800,40.900,61.500,2.800,2.100,80.000,85.000
NVIDIA GeForce GTX 1650,Wuthering Waves,03-01-2026 17:48:14,3728.727,1785.000,6120.984,37.158,0.000,0.000,0.000,1.000,91.000,69.640,3800.000,39.907,15122.000,21613.000,37.700,58.594,2.800,40.900,61.500,2.800,2.100,79.000,74.000
NVIDIA GeForce GTX 1650,Wuthering Waves,03-01-2026 17:48:15,3716.227,1785.000,6120.984,36.972,0.000,0.000,0.000,1.000,93.000,72.873,3700.000,40.358,15137.000,21606.000,35.900,52.958,2.800,40.800,61.500,2.800,2.100,79.000,66.000
NVIDIA GeForce GTX 1650,Wuthering Waves,03-01-2026 17:48:16,3695.789,1785.000,6120.984,41.506,0.000,0.000,0.000,1.000,92.000,62.896,3800.000,38.831,15118.000,21535.000,40.500,40.733,2.800,40.800,61.500,2.800,2.100,80.000,70.000
NVIDIA GeForce GTX 1650,Wuthering Waves,03-01-2026 17:48:17,3696.789,1785.000,6120.984,43.874,0.000,0.000,0.000,1.000,92.000,66.876,3800.000,40.094,15042.000,21446.000,44.800,33.317,2.800,40.800,61.500,2.800,2.100,80.000,79.000
NVIDIA GeForce GTX 1650,Wuthering Waves,03-01-2026 17:48:18,3696.789,1785.000,6120.984,45.837,0.000,0.000,0.000,1.000,91.000,68.316,3900.000,39.961,14984.000,21425.000,50.400,29.552,2.800,41.000,61.500,2.800,2.100,81.000,84.000
NVIDIA GeForce GTX 1650,Wuthering Waves,03-01-2026 17:48:19,3694.164,1785.000,6120.984,44.007,0.000,1.000,0.000,0.000,90.000,71.291,3800.000,39.997,14980.000,21401.000,50.200,27.238,2.800,41.100,61.500,2.800,2.100,81.000,79.000
NVIDIA GeForce GTX 1650,Wuthering Waves,03-01-2026 17:48:20,3694.602,1785.000,6120.984,39.810,0.000,0.000,0.000,1.000,92.000,72.948,3900.000,40.007,14956.000,21395.000,39.700,65.708,2.800,41.100,61.500,2.800,2.100,81.000,68.000
NVIDIA GeForce GTX 1650,Wuthering Waves,03-01-2026 17:48:21,3694.602,1785.000,6120.984,44.382,0.000,0.000,0.000,1.000,95.000,71.394,3800.000,39.990,14979.000,21411.000,47.300,39.058,2.800,41.200,61.500,2.800,2.100,81.000,80.000
NVIDIA GeForce GTX 1650,Wuthering Waves,03-01-2026 17:48:22,3692.164,1785.000,6120.984,44.625,0.000,0.000,0.000,1.000,94.000,68.947,3800.000,39.394,15002.000,21420.000,50.800,40.122,2.800,41.400,61.500,2.800,2.100,81.000,88.000
NVIDIA GeForce GTX 1650,Wuthering Waves,03-01-2026 17:48:23,3691.977,1785.000,6120.984,43.167,0.000,0.000,0.000,1.000,93.000,73.323,3800.000,40.099,15039.000,21427.000,37.300,76.757,2.800,41.300,61.500,2.800,2.100,81.000,78.000
NVIDIA GeForce GTX 1650,Wuthering Waves,03-01-2026 17:48:24,3691.977,1785.000,6120.984,49.278,0.000,1.000,0.000,0.000,94.000,67.189,3800.000,40.336,15095.000,21444.000,47.900,34.890,2.800,41.400,61.500,2.800,2.100,82.000,89.000
NVIDIA GeForce GTX 1650,Wuthering Waves,03-01-2026 17:48:25,3697.727,1785.000,6120.984,50.377,0.000,1.000,0.000,0.000,91.000,72.416,3800.000,39.333,15085.000,21440.000,49.500,32.091,2.800,41.500,61.500,2.800,2.100,82.000,90.000
NVIDIA GeForce GTX 1650,Wuthering Waves,03-01-2026 17:48:26,3687.102,1785.000,6120.984,41.280,0.000,0.000,0.000,1.000,95.000,79.741,3800.000,40.188,15145.000,21476.000,44.200,37.029,2.800,41.500,61.500,2.800,2.100,81.000,78.000
NVIDIA GeForce GTX 1650,Wuthering Waves,03-01-2026 17:48:27,3680.039,1770.000,6120.984,45.065,0.000,1.000,0.000,0.000,90.000,75.397,3700.000,39.817,15153.000,21450.000,43.100,35.534,2.800,41.500,61.500,2.800,2.100,82.000,77.000
NVIDIA GeForce GTX 1650,Wuthering Waves,03-01-2026 17:48:28,3687.164,1785.000,6120.984,49.141,0.000,1.000,0.000,0.000,94.000,76.390,3800.000,39.974,15177.000,21462.000,44.200,49.854,2.800,41.600,61.500,2.800,2.100,82.000,77.000
NVIDIA GeForce GTX 1650,Wuthering Waves,03-01-2026 17:48:29,3706.789,1785.000,6120.984,36.969,0.000,0.000,0.000,1.000,96.000,79.217,3700.000,40.245,15264.000,21484.000,30.800,100.674,2.800,41.400,61.500,2.800,2.100,81.000,62.000
NVIDIA GeForce GTX 1650,Wuthering Waves,03-01-2026 17:48:30,3707.328,1785.000,6120.984,31.169,0.000,0.000,0.000,1.000,92.000,65.284,3800.000,38.401,15348.000,21536.000,48.700,127.101,2.800,41.500,61.500,2.800,2.100,80.000,68.000
NVIDIA GeForce GTX 1650,Wuthering Waves,03-01-2026 17:48:31,3694.141,1785.000,6120.984,30.341,0.000,0.000,0.000,1.000,91.000,32.687,4200.000,35.251,15338.000,21538.000,59.900,37.446,2.800,41.800,61.600,2.800,2.100,80.000,34.000
NVIDIA GeForce GTX 1650,Wuthering Waves,03-01-2026 17:48:32,3687.516,1710.000,6120.984,29.395,0.000,0.000,0.000,1.000,92.000,25.186,4200.000,32.743,15357.000,21536.000,60.000,20.614,2.800,42.000,61.600,2.800,2.100,79.000,35.000
NVIDIA GeForce GTX 1650,Wuthering Waves,03-01-2026 17:48:33,3687.516,1650.000,6120.984,27.137,0.000,0.000,0.000,1.000,93.000,29.958,4200.000,35.100,15115.000,21524.000,59.900,22.998,2.800,42.200,61.600,2.800,2.100,79.000,35.000
NVIDIA GeForce GTX 1650,Wuthering Waves,03-01-2026 17:48:34,3711.266,1755.000,6120.984,37.405,0.000,1.000,0.000,0.000,96.000,42.083,4200.000,37.823,15291.000,21535.000,51.300,65.360,2.800,42.400,61.600,2.800,2.100,80.000,48.000
NVIDIA GeForce GTX 1650,Wuthering Waves,03-01-2026 17:48:35,3710.016,1785.000,6120.984,43.500,0.000,0.000,0.000,1.000,96.000,74.544,3800.000,44.247,15340.000,21561.000,38.500,47.471,2.800,42.300,61.600,2.800,2.100,81.000,65.000
NVIDIA GeForce GTX 1650,Wuthering Waves,03-01-2026 17:48:36,3698.703,1785.000,6120.984,46.643,0.000,1.000,0.000,0.000,95.000,54.843,4200.000,46.023,15342.000,21575.000,56.500,23.489,2.800,42.500,61.600,2.800,2.100,82.000,86.000
NVIDIA GeForce GTX 1650,Wuthering Waves,03-01-2026 17:48:37,3698.703,1785.000,6120.984,47.559,0.000,0.000,0.000,1.000,95.000,59.315,4100.000,44.687,15318.000,21590.000,58.900,28.275,2.800,42.700,61.600,4.500,2.100,82.000,88.000
NVIDIA GeForce GTX 1650,Wuthering Waves,03-01-2026 17:48:38,3698.703,1785.000,6120.984,46.894,0.000,0.000,0.000,1.000,94.000,50.908,4200.000,42.720,15253.000,21514.000,59.800,24.274,2.800,42.900,61.600,4.500,2.100,82.000,88.000
NVIDIA GeForce GTX 1650,Wuthering Waves,03-01-2026 17:48:39,3689.391,1785.000,6120.984,45.056,0.000,1.000,0.000,0.000,96.000,49.638,4000.000,40.894,15310.000,21475.000,59.500,21.972,2.800,43.100,61.600,4.500,2.100,82.000,90.000
NVIDIA GeForce GTX 1650,Wuthering Waves,03-01-2026 17:48:40,3689.391,1785.000,6120.984,48.035,0.000,0.000,0.000,1.000,95.000,50.913,3900.000,38.904,15258.000,21465.000,60.300,22.933,2.800,43.300,61.600,4.500,2.100,82.000,90.000
NVIDIA GeForce GTX 1650,Wuthering Waves,03-01-2026 17:48:41,3686.703,1785.000,6120.984,46.360,0.000,0.000,0.000,1.000,94.000,59.146,4000.000,41.487,15324.000,21476.000,56.900,23.207,2.800,43.400,61.600,4.500,2.100,82.000,90.000
NVIDIA GeForce GTX 1650,Wuthering Waves,03-01-2026 17:48:42,3686.703,1785.000,6120.984,46.795,0.000,0.000,0.000,1.000,94.000,49.480,3800.000,38.280,15312.000,21459.000,58.000,34.537,2.800,43.600,61.600,4.500,2.100,82.000,83.000
NVIDIA GeForce GTX 1650,Wuthering Waves,03-01-2026 17:48:43,3693.203,1755.000,6120.984,48.819,0.000,1.000,0.000,0.000,94.000,55.880,4000.000,40.957,15347.000,21464.000,58.800,27.764,2.800,43.800,61.600,4.500,2.100,82.000,82.000
NVIDIA GeForce GTX 1650,Wuthering Waves,03-01-2026 17:48:44,3696.391,1785.000,6120.984,44.006,0.000,0.000,0.000,1.000,95.000,64.680,3700.000,40.098,15266.000,21473.000,57.800,29.820,2.800,43.900,61.600,4.500,2.100,82.000,92.000
NVIDIA GeForce GTX 1650,Wuthering Waves,03-01-2026 17:48:45,3697.453,1770.000,6120.984,47.868,0.000,1.000,0.000,0.000,94.000,57.488,3700.000,39.021,15250.000,21469.000,58.700,27.391,2.800,44.100,61.600,4.500,2.100,83.000,87.000
NVIDIA GeForce GTX 1650,Wuthering Waves,03-01-2026 17:48:46,3702.641,1770.000,6120.984,47.254,0.000,1.000,0.000,0.000,94.000,53.967,4000.000,39.820,15266.000,21470.000,53.800,56.639,2.800,44.200,61.600,4.500,2.100,83.000,90.000
NVIDIA GeForce GTX 1650,Wuthering Waves,03-01-2026 17:48:47,3702.641,1710.000,6120.984,49.420,0.000,1.000,0.000,0.000,93.000,58.171,3900.000,40.008,15283.000,21472.000,55.700,26.821,2.800,44.300,61.600,4.500,2.100,83.000,86.000
NVIDIA GeForce GTX 1650,Wuthering Waves,03-01-2026 17:48:48,3706.703,1725.000,6120.984,47.417,0.000,1.000,0.000,0.000,94.000,73.458,3900.000,40.105,15302.000,21473.000,50.900,37.067,2.800,44.400,61.600,4.500,2.100,83.000,94.000
NVIDIA GeForce GTX 1650,Wuthering Waves,03-01-2026 17:48:49,3706.703,1740.000,6120.984,48.236,0.000,1.000,0.000,0.000,95.000,73.827,3600.000,40.075,15308.000,21485.000,51.700,59.341,2.800,44.500,61.600,4.500,2.100,83.000,91.000
NVIDIA GeForce GTX 1650,Wuthering Waves,03-01-2026 17:48:50,3697.578,1785.000,6120.984,48.919,0.000,0.000,0.000,1.000,96.000,54.555,3900.000,39.473,15317.000,21486.000,55.000,24.846,2.800,44.600,61.600,4.500,2.100,83.000,81.000
NVIDIA GeForce GTX 1650,Wuthering Waves,03-01-2026 17:48:51,3700.266,1785.000,6120.984,36.143,0.000,0.000,0.000,1.000,95.000,75.095,3900.000,39.971,15357.000,21622.000,43.300,76.007,2.800,44.600,61.600,4.500,2.100,82.000,95.000
NVIDIA GeForce GTX 1650,Wuthering Waves,03-01-2026 17:48:52,3693.453,1770.000,6120.984,49.351,0.000,1.000,0.000,0.000,95.000,71.371,3600.000,39.924,14986.000,21642.000,43.100,50.193,2.800,44.600,61.600,4.500,2.100,83.000,87.000
NVIDIA GeForce GTX 1650,Wuthering Waves,03-01-2026 17:48:53,3705.016,1725.000,6120.984,48.980,0.000,1.000,0.000,0.000,95.000,56.475,4000.000,39.747,15008.000,21653.000,56.800,25.056,2.800,44.700,61.600,4.500,2.100,83.000,81.000
NVIDIA GeForce GTX 1650,Wuthering Waves,03-01-2026 17:48:54,3700.016,1740.000,6120.984,47.541,0.000,1.000,0.000,0.000,94.000,64.328,3900.000,39.952,15011.000,21651.000,54.900,37.569,2.800,44.800,61.600,4.500,2.100,83.000,96.000
NVIDIA GeForce GTX 1650,Wuthering Waves,03-01-2026 17:48:55,3699.891,1785.000,6120.984,47.379,0.000,1.000,0.000,0.000,94.000,80.134,3900.000,39.952,15022.000,21661.000,47.700,30.946,2.800,44.800,61.600,4.500,2.100,83.000,94.000
NVIDIA GeForce GTX 1650,Wuthering Waves,03-01-2026 17:48:56,3703.953,1695.000,6120.984,50.696,0.000,1.000,0.000,0.000,95.000,52.709,3900.000,39.892,15030.000,21661.000,54.900,24.977,2.800,44.900,61.600,4.500,2.100,84.000,83.000
NVIDIA GeForce GTX 1650,Wuthering Waves,03-01-2026 17:48:57,3703.953,1785.000,6120.984,44.681,0.000,0.000,0.000,1.000,96.000,47.529,3900.000,40.157,15023.000,21633.000,53.400,25.366,2.800,45.000,61.600,4.500,2.100,83.000,91.000
NVIDIA GeForce GTX 1650,Wuthering Waves,03-01-2026 17:48:58,3696.828,1785.000,6120.984,47.159,0.000,1.000,0.000,0.000,93.000,59.203,3900.000,39.734,15082.000,21642.000,54.700,43.635,2.800,45.100,61.600,4.500,2.100,84.000,80.000
NVIDIA GeForce GTX 1650,Wuthering Waves,03-01-2026 17:48:59,3703.391,1785.000,6120.984,42.202,0.000,0.000,0.000,1.000,96.000,58.382,4000.000,39.970,15089.000,21640.000,57.800,31.185,2.800,45.200,61.600,6.100,2.100,83.000,81.000
NVIDIA GeForce GTX 1650,Wuthering Waves,03-01-2026 17:49:00,3702.766,1755.000,6120.984,49.278,0.000,1.000,0.000,0.000,94.000,64.274,3800.000,40.044,15115.000,21638.000,54.200,37.893,2.800,45.300,61.600,6.100,2.100,84.000,82.000
NVIDIA GeForce GTX 1650,Wuthering Waves,03-01-2026 17:49:01,3702.766,1785.000,6120.984,47.483,0.000,1.000,0.000,0.000,94.000,63.056,3900.000,40.147,15189.000,21728.000,55.800,38.114,2.800,45.400,61.600,6.100,2.100,84.000,84.000
NVIDIA GeForce GTX 1650,Wuthering Waves,03-01-2026 17:49:02,3702.766,1785.000,6120.984,45.023,0.000,0.000,0.000,1.000,96.000,70.000,3700.000,39.866,15227.000,21761.000,46.900,37.658,2.800,45.400,61.600,6.100,2.100,82.000,85.000
NVIDIA GeForce GTX 1650,Wuthering Waves,03-01-2026 17:49:03,3692.516,1785.000,6120.984,42.457,0.000,0.000,0.000,1.000,95.000,60.845,3900.000,39.885,15289.000,21843.000,41.900,52.321,2.800,45.400,61.600,6.100,2.100,83.000,74.000
NVIDIA GeForce GTX 1650,Wuthering Waves,03-01-2026 17:49:04,3699.578,1785.000,6120.984,41.981,0.000,0.000,0.000,1.000,98.000,63.664,3800.000,39.851,15334.000,21869.000,39.300,47.047,2.800,45.300,61.600,6.100,2.100,82.000,71.000
NVIDIA GeForce GTX 1650,Wuthering Waves,03-01-2026 17:49:05,3696.641,1785.000,6120.984,39.574,0.000,0.000,0.000,1.000,95.000,67.273,3800.000,39.908,15354.000,21868.000,39.700,39.864,2.800,45.300,61.600,6.100,2.100,82.000,65.000
NVIDIA GeForce GTX 1650,Wuthering Waves,03-01-2026 17:49:06,3696.328,1785.000,6120.984,40.858,0.000,0.000,0.000,1.000,95.000,72.910,3800.000,40.137,15376.000,21887.000,35.600,61.537,2.800,45.200,61.600,6.100,2.100,82.000,62.000
NVIDIA GeForce GTX 1650,Wuthering Waves,03-01-2026 17:49:07,3696.328,1785.000,6120.984,44.237,0.000,0.000,0.000,1.000,95.000,66.543,3800.000,39.964,15386.000,21928.000,46.300,38.262,2.800,45.200,61.600,6.100,2.100,83.000,56.000
NVIDIA GeForce GTX 1650,Wuthering Waves,03-01-2026 17:49:08,3699.016,1785.000,6120.984,45.884,0.000,0.000,0.000,1.000,95.000,65.406,3800.000,39.901,15337.000,21919.000,47.900,33.132,2.800,45.200,61.600,6.100,2.100,83.000,75.000
NVIDIA GeForce GTX 1650,Wuthering Waves,03-01-2026 17:49:09,3699.016,1785.000,6120.984,45.727,0.000,0.000,0.000,1.000,96.000,68.336,3700.000,40.122,15332.000,21909.000,54.500,26.106,2.800,45.300,61.600,6.100,2.100,83.000,78.000
